Measure Names,Race,Sex,Year,Average Life Expectancy,Mortality
Life Expectancy,All Races,Both Sexes,1900,47.3,
Life Expectancy,All Races,Both Sexes,1901,49.1,
Life Expectancy,All Races,Both Sexes,1902,51.5,
Life Expectancy,All Races,Both Sexes,1903,50.5,
Life Expectancy,All Races,Both Sexes,1904,47.6,
Life Expectancy,All Races,Both Sexes,1905,48.7,
Life Expectancy,All Races,Both Sexes,1906,48.7,
Life Expectancy,All Races,Both Sexes,1907,47.6,
Life Expectancy,All Races,Both Sexes,1908,51.1,
Life Expectancy,All Races,Both Sexes,1909,52.1,
Life Expectancy,All Races,Both Sexes,1910,50.0,
Life Expectancy,All Races,Both Sexes,1911,52.6,
Life Expectancy,All Races,Both Sexes,1912,53.5,
Life Expectancy,All Races,Both Sexes,1913,52.5,
Life Expectancy,All Races,Both Sexes,1914,54.2,
Life Expectancy,All Races,Both Sexes,1915,54.5,
Life Expectancy,All Races,Both Sexes,1916,51.7,
Life Expectancy,All Races,Both Sexes,1917,50.9,
Life Expectancy,All Races,Both Sexes,1918,39.1,
Life Expectancy,All Races,Both Sexes,1919,54.7,
Life Expectancy,All Races,Both Sexes,1920,54.1,
Life Expectancy,All Races,Both Sexes,1921,60.8,
Life Expectancy,All Races,Both Sexes,1922,59.6,
Life Expectancy,All Races,Both Sexes,1923,57.2,
Life Expectancy,All Races,Both Sexes,1924,59.7,
Life Expectancy,All Races,Both Sexes,1925,59.0,
Life Expectancy,All Races,Both Sexes,1926,56.7,
Life Expectancy,All Races,Both Sexes,1927,60.4,
Life Expectancy,All Races,Both Sexes,1928,56.8,
Life Expectancy,All Races,Both Sexes,1929,57.1,
Life Expectancy,All Races,Both Sexes,1930,59.7,
Life Expectancy,All Races,Both Sexes,1931,61.1,
Life Expectancy,All Races,Both Sexes,1932,62.1,
Life Expectancy,All Races,Both Sexes,1933,63.3,
Life Expectancy,All Races,Both Sexes,1934,61.1,
Life Expectancy,All Races,Both Sexes,1935,61.7,
Life Expectancy,All Races,Both Sexes,1936,58.5,
Life Expectancy,All Races,Both Sexes,1937,60.0,
Life Expectancy,All Races,Both Sexes,1938,63.5,
Life Expectancy,All Races,Both Sexes,1939,63.7,
Life Expectancy,All Races,Both Sexes,1940,62.9,
Life Expectancy,All Races,Both Sexes,1941,64.8,
Life Expectancy,All Races,Both Sexes,1942,66.2,
Life Expectancy,All Races,Both Sexes,1943,63.3,
Life Expectancy,All Races,Both Sexes,1944,65.2,
Life Expectancy,All Races,Both Sexes,1945,65.9,
Life Expectancy,All Races,Both Sexes,1946,66.7,
Life Expectancy,All Races,Both Sexes,1947,66.8,
Life Expectancy,All Races,Both Sexes,1948,67.2,
Life Expectancy,All Races,Both Sexes,1949,68.0,
Life Expectancy,All Races,Both Sexes,1950,68.2,
Life Expectancy,All Races,Both Sexes,1951,68.4,
Life Expectancy,All Races,Both Sexes,1952,68.6,
Life Expectancy,All Races,Both Sexes,1953,68.8,
Life Expectancy,All Races,Both Sexes,1954,69.6,
Life Expectancy,All Races,Both Sexes,1955,69.6,
Life Expectancy,All Races,Both Sexes,1956,69.7,
Life Expectancy,All Races,Both Sexes,1957,69.5,
Life Expectancy,All Races,Both Sexes,1958,69.6,
Life Expectancy,All Races,Both Sexes,1959,69.9,
Life Expectancy,All Races,Both Sexes,1960,69.7,
Life Expectancy,All Races,Both Sexes,1961,70.2,
Life Expectancy,All Races,Both Sexes,1962,70.1,
Life Expectancy,All Races,Both Sexes,1963,69.9,
Life Expectancy,All Races,Both Sexes,1964,70.2,
Life Expectancy,All Races,Both Sexes,1965,70.2,
Life Expectancy,All Races,Both Sexes,1966,70.2,
Life Expectancy,All Races,Both Sexes,1967,70.5,
Life Expectancy,All Races,Both Sexes,1968,70.2,
Life Expectancy,All Races,Both Sexes,1969,70.5,
Life Expectancy,All Races,Both Sexes,1970,70.8,
Life Expectancy,All Races,Both Sexes,1971,71.1,
Life Expectancy,All Races,Both Sexes,1972,71.2,
Life Expectancy,All Races,Both Sexes,1973,71.4,
Life Expectancy,All Races,Both Sexes,1974,72.0,
Life Expectancy,All Races,Both Sexes,1975,72.6,
Life Expectancy,All Races,Both Sexes,1976,72.9,
Life Expectancy,All Races,Both Sexes,1977,73.3,
Life Expectancy,All Races,Both Sexes,1978,73.5,
Life Expectancy,All Races,Both Sexes,1979,73.9,
Life Expectancy,All Races,Both Sexes,1980,73.7,
Life Expectancy,All Races,Both Sexes,1981,74.1,
Life Expectancy,All Races,Both Sexes,1982,74.5,
Life Expectancy,All Races,Both Sexes,1983,74.6,
Life Expectancy,All Races,Both Sexes,1984,74.7,
Life Expectancy,All Races,Both Sexes,1985,74.7,
Life Expectancy,All Races,Both Sexes,1986,74.7,
Life Expectancy,All Races,Both Sexes,1987,74.9,
Life Expectancy,All Races,Both Sexes,1988,74.9,
Life Expectancy,All Races,Both Sexes,1989,75.1,
Life Expectancy,All Races,Both Sexes,1990,75.4,
Life Expectancy,All Races,Both Sexes,1991,75.5,
Life Expectancy,All Races,Both Sexes,1992,75.8,
Life Expectancy,All Races,Both Sexes,1993,75.5,
Life Expectancy,All Races,Both Sexes,1994,75.7,
Life Expectancy,All Races,Both Sexes,1995,75.8,
Life Expectancy,All Races,Both Sexes,1996,76.1,
Life Expectancy,All Races,Both Sexes,1997,76.5,
Life Expectancy,All Races,Both Sexes,1998,76.7,
Life Expectancy,All Races,Both Sexes,1999,76.7,
Life Expectancy,All Races,Both Sexes,2000,76.8,
Life Expectancy,All Races,Both Sexes,2001,77.0,
Life Expectancy,All Races,Both Sexes,2002,77.0,
Life Expectancy,All Races,Both Sexes,2003,77.6,
Life Expectancy,All Races,Both Sexes,2004,77.5,
Life Expectancy,All Races,Both Sexes,2005,77.6,
Life Expectancy,All Races,Both Sexes,2006,77.8,
Life Expectancy,All Races,Both Sexes,2007,78.1,
Life Expectancy,All Races,Both Sexes,2008,78.2,
Life Expectancy,All Races,Both Sexes,2009,78.5,
Life Expectancy,All Races,Both Sexes,2010,78.7,
Life Expectancy,All Races,Both Sexes,2011,78.7,
Life Expectancy,All Races,Both Sexes,2012,78.8,
Life Expectancy,All Races,Both Sexes,2013,78.8,
Life Expectancy,All Races,Female,1900,48.3,
Life Expectancy,All Races,Female,1901,50.6,
Life Expectancy,All Races,Female,1902,53.4,
Life Expectancy,All Races,Female,1903,52.0,
Life Expectancy,All Races,Female,1904,49.1,
Life Expectancy,All Races,Female,1905,50.2,
Life Expectancy,All Races,Female,1906,50.8,
Life Expectancy,All Races,Female,1907,49.9,
Life Expectancy,All Races,Female,1908,52.8,
Life Expectancy,All Races,Female,1909,53.8,
Life Expectancy,All Races,Female,1910,51.8,
Life Expectancy,All Races,Female,1911,54.4,
Life Expectancy,All Races,Female,1912,55.9,
Life Expectancy,All Races,Female,1913,55.0,
Life Expectancy,All Races,Female,1914,56.8,
Life Expectancy,All Races,Female,1915,56.8,
Life Expectancy,All Races,Female,1916,54.3,
Life Expectancy,All Races,Female,1917,54.0,
Life Expectancy,All Races,Female,1918,42.2,
Life Expectancy,All Races,Female,1919,56.0,
Life Expectancy,All Races,Female,1920,54.6,
Life Expectancy,All Races,Female,1921,61.8,
Life Expectancy,All Races,Female,1922,61.0,
Life Expectancy,All Races,Female,1923,58.5,
Life Expectancy,All Races,Female,1924,61.5,
Life Expectancy,All Races,Female,1925,60.6,
Life Expectancy,All Races,Female,1926,58.0,
Life Expectancy,All Races,Female,1927,62.1,
Life Expectancy,All Races,Female,1928,58.3,
Life Expectancy,All Races,Female,1929,58.7,
Life Expectancy,All Races,Female,1930,61.6,
Life Expectancy,All Races,Female,1931,63.1,
Life Expectancy,All Races,Female,1932,63.5,
Life Expectancy,All Races,Female,1933,65.1,
Life Expectancy,All Races,Female,1934,63.3,
Life Expectancy,All Races,Female,1935,63.9,
Life Expectancy,All Races,Female,1936,60.6,
Life Expectancy,All Races,Female,1937,62.4,
Life Expectancy,All Races,Female,1938,65.3,
Life Expectancy,All Races,Female,1939,65.4,
Life Expectancy,All Races,Female,1940,65.2,
Life Expectancy,All Races,Female,1941,66.8,
Life Expectancy,All Races,Female,1942,67.9,
Life Expectancy,All Races,Female,1943,64.4,
Life Expectancy,All Races,Female,1944,66.8,
Life Expectancy,All Races,Female,1945,67.9,
Life Expectancy,All Races,Female,1946,69.4,
Life Expectancy,All Races,Female,1947,69.7,
Life Expectancy,All Races,Female,1948,69.9,
Life Expectancy,All Races,Female,1949,70.7,
Life Expectancy,All Races,Female,1950,71.1,
Life Expectancy,All Races,Female,1951,71.4,
Life Expectancy,All Races,Female,1952,71.6,
Life Expectancy,All Races,Female,1953,72.0,
Life Expectancy,All Races,Female,1954,72.8,
Life Expectancy,All Races,Female,1955,72.8,
Life Expectancy,All Races,Female,1956,72.9,
Life Expectancy,All Races,Female,1957,72.7,
Life Expectancy,All Races,Female,1958,72.9,
Life Expectancy,All Races,Female,1959,73.2,
Life Expectancy,All Races,Female,1960,73.1,
Life Expectancy,All Races,Female,1961,73.6,
Life Expectancy,All Races,Female,1962,73.5,
Life Expectancy,All Races,Female,1963,73.4,
Life Expectancy,All Races,Female,1964,73.7,
Life Expectancy,All Races,Female,1965,73.8,
Life Expectancy,All Races,Female,1966,73.9,
Life Expectancy,All Races,Female,1967,74.3,
Life Expectancy,All Races,Female,1968,74.1,
Life Expectancy,All Races,Female,1969,74.4,
Life Expectancy,All Races,Female,1970,74.7,
Life Expectancy,All Races,Female,1971,75.0,
Life Expectancy,All Races,Female,1972,75.1,
Life Expectancy,All Races,Female,1973,75.3,
Life Expectancy,All Races,Female,1974,75.9,
Life Expectancy,All Races,Female,1975,76.6,
Life Expectancy,All Races,Female,1976,76.8,
Life Expectancy,All Races,Female,1977,77.2,
Life Expectancy,All Races,Female,1978,77.3,
Life Expectancy,All Races,Female,1979,77.8,
Life Expectancy,All Races,Female,1980,77.4,
Life Expectancy,All Races,Female,1981,77.8,
Life Expectancy,All Races,Female,1982,78.1,
Life Expectancy,All Races,Female,1983,78.1,
Life Expectancy,All Races,Female,1984,78.2,
Life Expectancy,All Races,Female,1985,78.2,
Life Expectancy,All Races,Female,1986,78.2,
Life Expectancy,All Races,Female,1987,78.3,
Life Expectancy,All Races,Female,1988,78.3,
Life Expectancy,All Races,Female,1989,78.5,
Life Expectancy,All Races,Female,1990,78.8,
Life Expectancy,All Races,Female,1991,78.9,
Life Expectancy,All Races,Female,1992,79.1,
Life Expectancy,All Races,Female,1993,78.8,
Life Expectancy,All Races,Female,1994,79.0,
Life Expectancy,All Races,Female,1995,78.9,
Life Expectancy,All Races,Female,1996,79.1,
Life Expectancy,All Races,Female,1997,79.4,
Life Expectancy,All Races,Female,1998,79.5,
Life Expectancy,All Races,Female,1999,79.4,
Life Expectancy,All Races,Female,2000,79.7,
Life Expectancy,All Races,Female,2001,79.5,
Life Expectancy,All Races,Female,2002,79.6,
Life Expectancy,All Races,Female,2003,79.7,
Life Expectancy,All Races,Female,2004,80.1,
Life Expectancy,All Races,Female,2005,80.1,
Life Expectancy,All Races,Female,2006,80.3,
Life Expectancy,All Races,Female,2007,80.6,
Life Expectancy,All Races,Female,2008,80.6,
Life Expectancy,All Races,Female,2009,80.9,
Life Expectancy,All Races,Female,2010,81.0,
Life Expectancy,All Races,Female,2011,81.1,
Life Expectancy,All Races,Female,2012,81.2,
Life Expectancy,All Races,Female,2013,81.2,
Life Expectancy,All Races,Male,1900,46.3,
Life Expectancy,All Races,Male,1901,47.6,
Life Expectancy,All Races,Male,1902,49.8,
Life Expectancy,All Races,Male,1903,49.1,
Life Expectancy,All Races,Male,1904,46.2,
Life Expectancy,All Races,Male,1905,47.3,
Life Expectancy,All Races,Male,1906,46.9,
Life Expectancy,All Races,Male,1907,45.6,
Life Expectancy,All Races,Male,1908,49.5,
Life Expectancy,All Races,Male,1909,50.5,
Life Expectancy,All Races,Male,1910,48.4,
Life Expectancy,All Races,Male,1911,50.9,
Life Expectancy,All Races,Male,1912,51.5,
Life Expectancy,All Races,Male,1913,50.3,
Life Expectancy,All Races,Male,1914,52.0,
Life Expectancy,All Races,Male,1915,52.5,
Life Expectancy,All Races,Male,1916,49.6,
Life Expectancy,All Races,Male,1917,48.4,
Life Expectancy,All Races,Male,1918,36.6,
Life Expectancy,All Races,Male,1919,53.5,
Life Expectancy,All Races,Male,1920,53.6,
Life Expectancy,All Races,Male,1921,60.0,
Life Expectancy,All Races,Male,1922,58.4,
Life Expectancy,All Races,Male,1923,56.1,
Life Expectancy,All Races,Male,1924,58.1,
Life Expectancy,All Races,Male,1925,57.6,
Life Expectancy,All Races,Male,1926,55.5,
Life Expectancy,All Races,Male,1927,59.0,
Life Expectancy,All Races,Male,1928,55.6,
Life Expectancy,All Races,Male,1929,55.8,
Life Expectancy,All Races,Male,1930,58.1,
Life Expectancy,All Races,Male,1931,59.4,
Life Expectancy,All Races,Male,1932,61.0,
Life Expectancy,All Races,Male,1933,61.7,
Life Expectancy,All Races,Male,1934,59.3,
Life Expectancy,All Races,Male,1935,59.9,
Life Expectancy,All Races,Male,1936,56.6,
Life Expectancy,All Races,Male,1937,58.0,
Life Expectancy,All Races,Male,1938,61.9,
Life Expectancy,All Races,Male,1939,62.1,
Life Expectancy,All Races,Male,1940,60.8,
Life Expectancy,All Races,Male,1941,63.1,
Life Expectancy,All Races,Male,1942,64.7,
Life Expectancy,All Races,Male,1943,62.4,
Life Expectancy,All Races,Male,1944,63.6,
Life Expectancy,All Races,Male,1945,63.6,
Life Expectancy,All Races,Male,1946,64.4,
Life Expectancy,All Races,Male,1947,64.4,
Life Expectancy,All Races,Male,1948,64.6,
Life Expectancy,All Races,Male,1949,65.2,
Life Expectancy,All Races,Male,1950,65.6,
Life Expectancy,All Races,Male,1951,65.6,
Life Expectancy,All Races,Male,1952,65.8,
Life Expectancy,All Races,Male,1953,66.0,
Life Expectancy,All Races,Male,1954,66.7,
Life Expectancy,All Races,Male,1955,66.7,
Life Expectancy,All Races,Male,1956,66.7,
Life Expectancy,All Races,Male,1957,66.4,
Life Expectancy,All Races,Male,1958,66.6,
Life Expectancy,All Races,Male,1959,66.8,
Life Expectancy,All Races,Male,1960,66.6,
Life Expectancy,All Races,Male,1961,67.1,
Life Expectancy,All Races,Male,1962,66.9,
Life Expectancy,All Races,Male,1963,66.6,
Life Expectancy,All Races,Male,1964,66.8,
Life Expectancy,All Races,Male,1965,66.8,
Life Expectancy,All Races,Male,1966,66.7,
Life Expectancy,All Races,Male,1967,67.0,
Life Expectancy,All Races,Male,1968,66.6,
Life Expectancy,All Races,Male,1969,66.8,
Life Expectancy,All Races,Male,1970,67.1,
Life Expectancy,All Races,Male,1971,67.4,
Life Expectancy,All Races,Male,1972,67.4,
Life Expectancy,All Races,Male,1973,67.6,
Life Expectancy,All Races,Male,1974,68.2,
Life Expectancy,All Races,Male,1975,68.8,
Life Expectancy,All Races,Male,1976,69.1,
Life Expectancy,All Races,Male,1977,69.5,
Life Expectancy,All Races,Male,1978,69.6,
Life Expectancy,All Races,Male,1979,70.0,
Life Expectancy,All Races,Male,1980,70.0,
Life Expectancy,All Races,Male,1981,70.4,
Life Expectancy,All Races,Male,1982,70.8,
Life Expectancy,All Races,Male,1983,71.0,
Life Expectancy,All Races,Male,1984,71.1,
Life Expectancy,All Races,Male,1985,71.1,
Life Expectancy,All Races,Male,1986,71.2,
Life Expectancy,All Races,Male,1987,71.4,
Life Expectancy,All Races,Male,1988,71.4,
Life Expectancy,All Races,Male,1989,71.7,
Life Expectancy,All Races,Male,1990,71.8,
Life Expectancy,All Races,Male,1991,72.0,
Life Expectancy,All Races,Male,1992,72.3,
Life Expectancy,All Races,Male,1993,72.2,
Life Expectancy,All Races,Male,1994,72.4,
Life Expectancy,All Races,Male,1995,72.5,
Life Expectancy,All Races,Male,1996,73.1,
Life Expectancy,All Races,Male,1997,73.6,
Life Expectancy,All Races,Male,1998,73.8,
Life Expectancy,All Races,Male,1999,73.9,
Life Expectancy,All Races,Male,2000,74.3,
Life Expectancy,All Races,Male,2001,74.3,
Life Expectancy,All Races,Male,2002,74.4,
Life Expectancy,All Races,Male,2003,74.5,
Life Expectancy,All Races,Male,2004,75.0,
Life Expectancy,All Races,Male,2005,75.0,
Life Expectancy,All Races,Male,2006,75.2,
Life Expectancy,All Races,Male,2007,75.5,
Life Expectancy,All Races,Male,2008,75.6,
Life Expectancy,All Races,Male,2009,76.0,
Life Expectancy,All Races,Male,2010,76.2,
Life Expectancy,All Races,Male,2011,76.3,
Life Expectancy,All Races,Male,2012,76.4,
Life Expectancy,All Races,Male,2013,76.4,
Life Expectancy,Black,Both Sexes,1900,33.0,
Life Expectancy,Black,Both Sexes,1901,33.7,
Life Expectancy,Black,Both Sexes,1902,34.6,
Life Expectancy,Black,Both Sexes,1903,33.1,
Life Expectancy,Black,Both Sexes,1904,30.8,
Life Expectancy,Black,Both Sexes,1905,31.3,
Life Expectancy,Black,Both Sexes,1906,32.9,
Life Expectancy,Black,Both Sexes,1907,32.5,
Life Expectancy,Black,Both Sexes,1908,34.9,
Life Expectancy,Black,Both Sexes,1909,35.7,
Life Expectancy,Black,Both Sexes,1910,35.6,
Life Expectancy,Black,Both Sexes,1911,36.4,
Life Expectancy,Black,Both Sexes,1912,37.9,
Life Expectancy,Black,Both Sexes,1913,38.4,
Life Expectancy,Black,Both Sexes,1914,38.9,
Life Expectancy,Black,Both Sexes,1915,38.9,
Life Expectancy,Black,Both Sexes,1916,41.3,
Life Expectancy,Black,Both Sexes,1917,38.8,
Life Expectancy,Black,Both Sexes,1918,31.1,
Life Expectancy,Black,Both Sexes,1919,44.5,
Life Expectancy,Black,Both Sexes,1920,45.3,
Life Expectancy,Black,Both Sexes,1921,51.5,
Life Expectancy,Black,Both Sexes,1922,52.4,
Life Expectancy,Black,Both Sexes,1923,48.3,
Life Expectancy,Black,Both Sexes,1924,46.6,
Life Expectancy,Black,Both Sexes,1925,45.7,
Life Expectancy,Black,Both Sexes,1926,44.6,
Life Expectancy,Black,Both Sexes,1927,48.2,
Life Expectancy,Black,Both Sexes,1928,46.3,
Life Expectancy,Black,Both Sexes,1929,46.7,
Life Expectancy,Black,Both Sexes,1930,48.1,
Life Expectancy,Black,Both Sexes,1931,50.4,
Life Expectancy,Black,Both Sexes,1932,53.7,
Life Expectancy,Black,Both Sexes,1933,54.7,
Life Expectancy,Black,Both Sexes,1934,51.8,
Life Expectancy,Black,Both Sexes,1935,53.1,
Life Expectancy,Black,Both Sexes,1936,49.0,
Life Expectancy,Black,Both Sexes,1937,50.3,
Life Expectancy,Black,Both Sexes,1938,52.9,
Life Expectancy,Black,Both Sexes,1939,54.5,
Life Expectancy,Black,Both Sexes,1940,53.1,
Life Expectancy,Black,Both Sexes,1941,53.8,
Life Expectancy,Black,Both Sexes,1942,56.6,
Life Expectancy,Black,Both Sexes,1943,55.6,
Life Expectancy,Black,Both Sexes,1944,56.6,
Life Expectancy,Black,Both Sexes,1945,57.7,
Life Expectancy,Black,Both Sexes,1946,59.1,
Life Expectancy,Black,Both Sexes,1947,59.7,
Life Expectancy,Black,Both Sexes,1948,60.0,
Life Expectancy,Black,Both Sexes,1949,60.6,
Life Expectancy,Black,Both Sexes,1950,60.8,
Life Expectancy,Black,Both Sexes,1951,61.2,
Life Expectancy,Black,Both Sexes,1952,61.4,
Life Expectancy,Black,Both Sexes,1953,62.0,
Life Expectancy,Black,Both Sexes,1954,63.4,
Life Expectancy,Black,Both Sexes,1955,63.7,
Life Expectancy,Black,Both Sexes,1956,63.6,
Life Expectancy,Black,Both Sexes,1957,63.0,
Life Expectancy,Black,Both Sexes,1958,63.4,
Life Expectancy,Black,Both Sexes,1959,63.9,
Life Expectancy,Black,Both Sexes,1960,63.6,
Life Expectancy,Black,Both Sexes,1961,64.5,
Life Expectancy,Black,Both Sexes,1962,64.2,
Life Expectancy,Black,Both Sexes,1963,63.7,
Life Expectancy,Black,Both Sexes,1964,64.2,
Life Expectancy,Black,Both Sexes,1965,64.3,
Life Expectancy,Black,Both Sexes,1966,64.2,
Life Expectancy,Black,Both Sexes,1967,64.9,
Life Expectancy,Black,Both Sexes,1968,64.1,
Life Expectancy,Black,Both Sexes,1969,64.5,
Life Expectancy,Black,Both Sexes,1970,64.1,
Life Expectancy,Black,Both Sexes,1971,64.6,
Life Expectancy,Black,Both Sexes,1972,64.7,
Life Expectancy,Black,Both Sexes,1973,65.0,
Life Expectancy,Black,Both Sexes,1974,66.0,
Life Expectancy,Black,Both Sexes,1975,66.8,
Life Expectancy,Black,Both Sexes,1976,67.2,
Life Expectancy,Black,Both Sexes,1977,67.7,
Life Expectancy,Black,Both Sexes,1978,68.1,
Life Expectancy,Black,Both Sexes,1979,68.5,
Life Expectancy,Black,Both Sexes,1980,68.1,
Life Expectancy,Black,Both Sexes,1981,68.9,
Life Expectancy,Black,Both Sexes,1982,69.4,
Life Expectancy,Black,Both Sexes,1983,69.4,
Life Expectancy,Black,Both Sexes,1984,69.5,
Life Expectancy,Black,Both Sexes,1985,69.3,
Life Expectancy,Black,Both Sexes,1986,69.1,
Life Expectancy,Black,Both Sexes,1987,69.1,
Life Expectancy,Black,Both Sexes,1988,68.9,
Life Expectancy,Black,Both Sexes,1989,68.8,
Life Expectancy,Black,Both Sexes,1990,69.1,
Life Expectancy,Black,Both Sexes,1991,69.3,
Life Expectancy,Black,Both Sexes,1992,69.6,
Life Expectancy,Black,Both Sexes,1993,69.2,
Life Expectancy,Black,Both Sexes,1994,69.5,
Life Expectancy,Black,Both Sexes,1995,69.6,
Life Expectancy,Black,Both Sexes,1996,70.2,
Life Expectancy,Black,Both Sexes,1997,71.1,
Life Expectancy,Black,Both Sexes,1998,71.3,
Life Expectancy,Black,Both Sexes,1999,71.4,
Life Expectancy,Black,Both Sexes,2000,71.8,
Life Expectancy,Black,Both Sexes,2001,72.0,
Life Expectancy,Black,Both Sexes,2002,72.2,
Life Expectancy,Black,Both Sexes,2003,72.4,
Life Expectancy,Black,Both Sexes,2004,72.9,
Life Expectancy,Black,Both Sexes,2005,73.0,
Life Expectancy,Black,Both Sexes,2006,73.4,
Life Expectancy,Black,Both Sexes,2007,73.8,
Life Expectancy,Black,Both Sexes,2008,74.3,
Life Expectancy,Black,Both Sexes,2009,74.7,
Life Expectancy,Black,Both Sexes,2010,75.1,
Life Expectancy,Black,Both Sexes,2011,75.3,
Life Expectancy,Black,Both Sexes,2012,75.5,
Life Expectancy,Black,Both Sexes,2013,75.5,
Life Expectancy,Black,Female,1900,33.5,
Life Expectancy,Black,Female,1901,35.3,
Life Expectancy,Black,Female,1902,36.4,
Life Expectancy,Black,Female,1903,34.6,
Life Expectancy,Black,Female,1904,32.7,
Life Expectancy,Black,Female,1905,33.1,
Life Expectancy,Black,Female,1906,33.9,
Life Expectancy,Black,Female,1907,34.0,
Life Expectancy,Black,Female,1908,36.0,
Life Expectancy,Black,Female,1909,37.3,
Life Expectancy,Black,Female,1910,37.5,
Life Expectancy,Black,Female,1911,38.2,
Life Expectancy,Black,Female,1912,40.0,
Life Expectancy,Black,Female,1913,40.3,
Life Expectancy,Black,Female,1914,40.8,
Life Expectancy,Black,Female,1915,40.5,
Life Expectancy,Black,Female,1916,43.1,
Life Expectancy,Black,Female,1917,40.8,
Life Expectancy,Black,Female,1918,32.5,
Life Expectancy,Black,Female,1919,44.4,
Life Expectancy,Black,Female,1920,45.2,
Life Expectancy,Black,Female,1921,51.3,
Life Expectancy,Black,Female,1922,53.0,
Life Expectancy,Black,Female,1923,48.9,
Life Expectancy,Black,Female,1924,47.8,
Life Expectancy,Black,Female,1925,46.7,
Life Expectancy,Black,Female,1926,45.6,
Life Expectancy,Black,Female,1927,48.9,
Life Expectancy,Black,Female,1928,47.0,
Life Expectancy,Black,Female,1929,47.8,
Life Expectancy,Black,Female,1930,49.2,
Life Expectancy,Black,Female,1931,51.5,
Life Expectancy,Black,Female,1932,54.6,
Life Expectancy,Black,Female,1933,56.0,
Life Expectancy,Black,Female,1934,53.7,
Life Expectancy,Black,Female,1935,55.2,
Life Expectancy,Black,Female,1936,51.4,
Life Expectancy,Black,Female,1937,52.5,
Life Expectancy,Black,Female,1938,54.3,
Life Expectancy,Black,Female,1939,56.0,
Life Expectancy,Black,Female,1940,54.9,
Life Expectancy,Black,Female,1941,55.3,
Life Expectancy,Black,Female,1942,58.2,
Life Expectancy,Black,Female,1943,56.1,
Life Expectancy,Black,Female,1944,57.7,
Life Expectancy,Black,Female,1945,59.6,
Life Expectancy,Black,Female,1946,61.0,
Life Expectancy,Black,Female,1947,61.9,
Life Expectancy,Black,Female,1948,62.5,
Life Expectancy,Black,Female,1949,62.7,
Life Expectancy,Black,Female,1950,62.9,
Life Expectancy,Black,Female,1951,63.4,
Life Expectancy,Black,Female,1952,63.8,
Life Expectancy,Black,Female,1953,64.5,
Life Expectancy,Black,Female,1954,65.9,
Life Expectancy,Black,Female,1955,66.1,
Life Expectancy,Black,Female,1956,66.1,
Life Expectancy,Black,Female,1957,65.5,
Life Expectancy,Black,Female,1958,65.8,
Life Expectancy,Black,Female,1959,66.5,
Life Expectancy,Black,Female,1960,66.3,
Life Expectancy,Black,Female,1961,67.1,
Life Expectancy,Black,Female,1962,66.9,
Life Expectancy,Black,Female,1963,66.6,
Life Expectancy,Black,Female,1964,67.3,
Life Expectancy,Black,Female,1965,67.6,
Life Expectancy,Black,Female,1966,67.6,
Life Expectancy,Black,Female,1967,68.5,
Life Expectancy,Black,Female,1968,67.9,
Life Expectancy,Black,Female,1969,68.6,
Life Expectancy,Black,Female,1970,68.3,
Life Expectancy,Black,Female,1971,68.9,
Life Expectancy,Black,Female,1972,69.1,
Life Expectancy,Black,Female,1973,69.3,
Life Expectancy,Black,Female,1974,70.3,
Life Expectancy,Black,Female,1975,71.3,
Life Expectancy,Black,Female,1976,71.6,
Life Expectancy,Black,Female,1977,72.0,
Life Expectancy,Black,Female,1978,72.4,
Life Expectancy,Black,Female,1979,72.9,
Life Expectancy,Black,Female,1980,72.5,
Life Expectancy,Black,Female,1981,73.2,
Life Expectancy,Black,Female,1982,73.6,
Life Expectancy,Black,Female,1983,73.5,
Life Expectancy,Black,Female,1984,73.6,
Life Expectancy,Black,Female,1985,73.4,
Life Expectancy,Black,Female,1986,73.4,
Life Expectancy,Black,Female,1987,73.4,
Life Expectancy,Black,Female,1988,73.2,
Life Expectancy,Black,Female,1989,73.3,
Life Expectancy,Black,Female,1990,73.6,
Life Expectancy,Black,Female,1991,73.8,
Life Expectancy,Black,Female,1992,73.9,
Life Expectancy,Black,Female,1993,73.7,
Life Expectancy,Black,Female,1994,73.9,
Life Expectancy,Black,Female,1995,73.9,
Life Expectancy,Black,Female,1996,74.2,
Life Expectancy,Black,Female,1997,74.7,
Life Expectancy,Black,Female,1998,74.8,
Life Expectancy,Black,Female,1999,74.7,
Life Expectancy,Black,Female,2000,75.1,
Life Expectancy,Black,Female,2001,75.3,
Life Expectancy,Black,Female,2002,75.4,
Life Expectancy,Black,Female,2003,75.7,
Life Expectancy,Black,Female,2004,76.1,
Life Expectancy,Black,Female,2005,76.2,
Life Expectancy,Black,Female,2006,76.7,
Life Expectancy,Black,Female,2007,77.0,
Life Expectancy,Black,Female,2008,77.3,
Life Expectancy,Black,Female,2009,77.7,
Life Expectancy,Black,Female,2010,78.0,
Life Expectancy,Black,Female,2011,78.2,
Life Expectancy,Black,Female,2012,78.4,
Life Expectancy,Black,Female,2013,78.4,
Life Expectancy,Black,Male,1900,32.5,
Life Expectancy,Black,Male,1901,32.2,
Life Expectancy,Black,Male,1902,32.9,
Life Expectancy,Black,Male,1903,31.7,
Life Expectancy,Black,Male,1904,29.1,
Life Expectancy,Black,Male,1905,29.6,
Life Expectancy,Black,Male,1906,31.8,
Life Expectancy,Black,Male,1907,31.1,
Life Expectancy,Black,Male,1908,33.8,
Life Expectancy,Black,Male,1909,34.2,
Life Expectancy,Black,Male,1910,33.8,
Life Expectancy,Black,Male,1911,34.6,
Life Expectancy,Black,Male,1912,35.9,
Life Expectancy,Black,Male,1913,36.7,
Life Expectancy,Black,Male,1914,37.1,
Life Expectancy,Black,Male,1915,37.5,
Life Expectancy,Black,Male,1916,39.6,
Life Expectancy,Black,Male,1917,37.0,
Life Expectancy,Black,Male,1918,29.9,
Life Expectancy,Black,Male,1919,44.5,
Life Expectancy,Black,Male,1920,45.5,
Life Expectancy,Black,Male,1921,51.6,
Life Expectancy,Black,Male,1922,51.8,
Life Expectancy,Black,Male,1923,47.7,
Life Expectancy,Black,Male,1924,45.5,
Life Expectancy,Black,Male,1925,44.9,
Life Expectancy,Black,Male,1926,43.7,
Life Expectancy,Black,Male,1927,47.6,
Life Expectancy,Black,Male,1928,45.6,
Life Expectancy,Black,Male,1929,45.7,
Life Expectancy,Black,Male,1930,47.3,
Life Expectancy,Black,Male,1931,49.5,
Life Expectancy,Black,Male,1932,52.8,
Life Expectancy,Black,Male,1933,53.5,
Life Expectancy,Black,Male,1934,50.2,
Life Expectancy,Black,Male,1935,51.3,
Life Expectancy,Black,Male,1936,47.0,
Life Expectancy,Black,Male,1937,48.3,
Life Expectancy,Black,Male,1938,51.7,
Life Expectancy,Black,Male,1939,53.2,
Life Expectancy,Black,Male,1940,51.5,
Life Expectancy,Black,Male,1941,52.5,
Life Expectancy,Black,Male,1942,55.4,
Life Expectancy,Black,Male,1943,55.4,
Life Expectancy,Black,Male,1944,55.8,
Life Expectancy,Black,Male,1945,56.1,
Life Expectancy,Black,Male,1946,57.5,
Life Expectancy,Black,Male,1947,57.9,
Life Expectancy,Black,Male,1948,58.1,
Life Expectancy,Black,Male,1949,58.9,
Life Expectancy,Black,Male,1950,59.1,
Life Expectancy,Black,Male,1951,59.2,
Life Expectancy,Black,Male,1952,59.1,
Life Expectancy,Black,Male,1953,59.7,
Life Expectancy,Black,Male,1954,61.1,
Life Expectancy,Black,Male,1955,61.4,
Life Expectancy,Black,Male,1956,61.3,
Life Expectancy,Black,Male,1957,60.7,
Life Expectancy,Black,Male,1958,61.0,
Life Expectancy,Black,Male,1959,61.3,
Life Expectancy,Black,Male,1960,61.1,
Life Expectancy,Black,Male,1961,62.0,
Life Expectancy,Black,Male,1962,61.6,
Life Expectancy,Black,Male,1963,61.0,
Life Expectancy,Black,Male,1964,61.3,
Life Expectancy,Black,Male,1965,61.2,
Life Expectancy,Black,Male,1966,60.9,
Life Expectancy,Black,Male,1967,61.4,
Life Expectancy,Black,Male,1968,60.4,
Life Expectancy,Black,Male,1969,60.6,
Life Expectancy,Black,Male,1970,60.0,
Life Expectancy,Black,Male,1971,60.5,
Life Expectancy,Black,Male,1972,60.4,
Life Expectancy,Black,Male,1973,60.9,
Life Expectancy,Black,Male,1974,61.7,
Life Expectancy,Black,Male,1975,62.4,
Life Expectancy,Black,Male,1976,62.9,
Life Expectancy,Black,Male,1977,63.4,
Life Expectancy,Black,Male,1978,63.7,
Life Expectancy,Black,Male,1979,64.0,
Life Expectancy,Black,Male,1980,63.8,
Life Expectancy,Black,Male,1981,64.5,
Life Expectancy,Black,Male,1982,65.1,
Life Expectancy,Black,Male,1983,65.2,
Life Expectancy,Black,Male,1984,65.3,
Life Expectancy,Black,Male,1985,65.0,
Life Expectancy,Black,Male,1986,64.8,
Life Expectancy,Black,Male,1987,64.7,
Life Expectancy,Black,Male,1988,64.4,
Life Expectancy,Black,Male,1989,64.3,
Life Expectancy,Black,Male,1990,64.5,
Life Expectancy,Black,Male,1991,64.6,
Life Expectancy,Black,Male,1992,65.0,
Life Expectancy,Black,Male,1993,64.6,
Life Expectancy,Black,Male,1994,64.9,
Life Expectancy,Black,Male,1995,65.2,
Life Expectancy,Black,Male,1996,66.1,
Life Expectancy,Black,Male,1997,67.2,
Life Expectancy,Black,Male,1998,67.6,
Life Expectancy,Black,Male,1999,67.8,
Life Expectancy,Black,Male,2000,68.2,
Life Expectancy,Black,Male,2001,68.5,
Life Expectancy,Black,Male,2002,68.7,
Life Expectancy,Black,Male,2003,68.9,
Life Expectancy,Black,Male,2004,69.4,
Life Expectancy,Black,Male,2005,69.5,
Life Expectancy,Black,Male,2006,69.9,
Life Expectancy,Black,Male,2007,70.3,
Life Expectancy,Black,Male,2008,70.9,
Life Expectancy,Black,Male,2009,71.4,
Life Expectancy,Black,Male,2010,71.8,
Life Expectancy,Black,Male,2011,72.2,
Life Expectancy,Black,Male,2012,72.3,
Life Expectancy,Black,Male,2013,72.3,
Life Expectancy,White,Both Sexes,1900,47.6,
Life Expectancy,White,Both Sexes,1901,49.4,
Life Expectancy,White,Both Sexes,1902,51.9,
Life Expectancy,White,Both Sexes,1903,50.9,
Life Expectancy,White,Both Sexes,1904,48.0,
Life Expectancy,White,Both Sexes,1905,49.1,
Life Expectancy,White,Both Sexes,1906,49.3,
Life Expectancy,White,Both Sexes,1907,48.1,
Life Expectancy,White,Both Sexes,1908,51.5,
Life Expectancy,White,Both Sexes,1909,52.5,
Life Expectancy,White,Both Sexes,1910,50.3,
Life Expectancy,White,Both Sexes,1911,53.0,
Life Expectancy,White,Both Sexes,1912,53.9,
Life Expectancy,White,Both Sexes,1913,53.0,
Life Expectancy,White,Both Sexes,1914,54.9,
Life Expectancy,White,Both Sexes,1915,55.1,
Life Expectancy,White,Both Sexes,1916,52.5,
Life Expectancy,White,Both Sexes,1917,52.0,
Life Expectancy,White,Both Sexes,1918,39.8,
Life Expectancy,White,Both Sexes,1919,55.8,
Life Expectancy,White,Both Sexes,1920,54.9,
Life Expectancy,White,Both Sexes,1921,61.8,
Life Expectancy,White,Both Sexes,1922,60.4,
Life Expectancy,White,Both Sexes,1923,58.3,
Life Expectancy,White,Both Sexes,1924,61.4,
Life Expectancy,White,Both Sexes,1925,60.7,
Life Expectancy,White,Both Sexes,1926,58.2,
Life Expectancy,White,Both Sexes,1927,62.0,
Life Expectancy,White,Both Sexes,1928,58.4,
Life Expectancy,White,Both Sexes,1929,58.6,
Life Expectancy,White,Both Sexes,1930,61.4,
Life Expectancy,White,Both Sexes,1931,62.6,
Life Expectancy,White,Both Sexes,1932,63.2,
Life Expectancy,White,Both Sexes,1933,64.3,
Life Expectancy,White,Both Sexes,1934,62.4,
Life Expectancy,White,Both Sexes,1935,62.9,
Life Expectancy,White,Both Sexes,1936,59.8,
Life Expectancy,White,Both Sexes,1937,61.4,
Life Expectancy,White,Both Sexes,1938,65.0,
Life Expectancy,White,Both Sexes,1939,64.9,
Life Expectancy,White,Both Sexes,1940,64.2,
Life Expectancy,White,Both Sexes,1941,66.2,
Life Expectancy,White,Both Sexes,1942,67.3,
Life Expectancy,White,Both Sexes,1943,64.2,
Life Expectancy,White,Both Sexes,1944,66.2,
Life Expectancy,White,Both Sexes,1945,66.8,
Life Expectancy,White,Both Sexes,1946,67.5,
Life Expectancy,White,Both Sexes,1947,67.6,
Life Expectancy,White,Both Sexes,1948,68.0,
Life Expectancy,White,Both Sexes,1949,68.8,
Life Expectancy,White,Both Sexes,1950,69.1,
Life Expectancy,White,Both Sexes,1951,69.3,
Life Expectancy,White,Both Sexes,1952,69.5,
Life Expectancy,White,Both Sexes,1953,69.7,
Life Expectancy,White,Both Sexes,1954,70.5,
Life Expectancy,White,Both Sexes,1955,70.5,
Life Expectancy,White,Both Sexes,1956,70.5,
Life Expectancy,White,Both Sexes,1957,70.3,
Life Expectancy,White,Both Sexes,1958,70.5,
Life Expectancy,White,Both Sexes,1959,70.7,
Life Expectancy,White,Both Sexes,1960,70.6,
Life Expectancy,White,Both Sexes,1961,71.0,
Life Expectancy,White,Both Sexes,1962,70.9,
Life Expectancy,White,Both Sexes,1963,70.8,
Life Expectancy,White,Both Sexes,1964,71.0,
Life Expectancy,White,Both Sexes,1965,71.1,
Life Expectancy,White,Both Sexes,1966,71.1,
Life Expectancy,White,Both Sexes,1967,71.4,
Life Expectancy,White,Both Sexes,1968,71.1,
Life Expectancy,White,Both Sexes,1969,71.4,
Life Expectancy,White,Both Sexes,1970,71.7,
Life Expectancy,White,Both Sexes,1971,72.0,
Life Expectancy,White,Both Sexes,1972,72.0,
Life Expectancy,White,Both Sexes,1973,72.2,
Life Expectancy,White,Both Sexes,1974,72.8,
Life Expectancy,White,Both Sexes,1975,73.4,
Life Expectancy,White,Both Sexes,1976,73.6,
Life Expectancy,White,Both Sexes,1977,74.0,
Life Expectancy,White,Both Sexes,1978,74.1,
Life Expectancy,White,Both Sexes,1979,74.6,
Life Expectancy,White,Both Sexes,1980,74.4,
Life Expectancy,White,Both Sexes,1981,74.8,
Life Expectancy,White,Both Sexes,1982,75.1,
Life Expectancy,White,Both Sexes,1983,75.2,
Life Expectancy,White,Both Sexes,1984,75.3,
Life Expectancy,White,Both Sexes,1985,75.3,
Life Expectancy,White,Both Sexes,1986,75.4,
Life Expectancy,White,Both Sexes,1987,75.6,
Life Expectancy,White,Both Sexes,1988,75.6,
Life Expectancy,White,Both Sexes,1989,75.9,
Life Expectancy,White,Both Sexes,1990,76.1,
Life Expectancy,White,Both Sexes,1991,76.3,
Life Expectancy,White,Both Sexes,1992,76.5,
Life Expectancy,White,Both Sexes,1993,76.3,
Life Expectancy,White,Both Sexes,1994,76.5,
Life Expectancy,White,Both Sexes,1995,76.5,
Life Expectancy,White,Both Sexes,1996,76.8,
Life Expectancy,White,Both Sexes,1997,77.1,
Life Expectancy,White,Both Sexes,1998,77.3,
Life Expectancy,White,Both Sexes,1999,77.3,
Life Expectancy,White,Both Sexes,2000,77.3,
Life Expectancy,White,Both Sexes,2001,77.5,
Life Expectancy,White,Both Sexes,2002,77.5,
Life Expectancy,White,Both Sexes,2003,77.7,
Life Expectancy,White,Both Sexes,2004,78.1,
Life Expectancy,White,Both Sexes,2005,78.0,
Life Expectancy,White,Both Sexes,2006,78.3,
Life Expectancy,White,Both Sexes,2007,78.5,
Life Expectancy,White,Both Sexes,2008,78.5,
Life Expectancy,White,Both Sexes,2009,78.8,
Life Expectancy,White,Both Sexes,2010,78.9,
Life Expectancy,White,Both Sexes,2011,79.0,
Life Expectancy,White,Both Sexes,2012,79.1,
Life Expectancy,White,Both Sexes,2013,79.1,
Life Expectancy,White,Female,1900,48.7,
Life Expectancy,White,Female,1901,51.0,
Life Expectancy,White,Female,1902,53.8,
Life Expectancy,White,Female,1903,52.5,
Life Expectancy,White,Female,1904,49.5,
Life Expectancy,White,Female,1905,50.6,
Life Expectancy,White,Female,1906,51.4,
Life Expectancy,White,Female,1907,50.4,
Life Expectancy,White,Female,1908,53.3,
Life Expectancy,White,Female,1909,54.2,
Life Expectancy,White,Female,1910,52.0,
Life Expectancy,White,Female,1911,54.9,
Life Expectancy,White,Female,1912,56.2,
Life Expectancy,White,Female,1913,55.7,
Life Expectancy,White,Female,1914,57.5,
Life Expectancy,White,Female,1915,57.5,
Life Expectancy,White,Female,1916,55.2,
Life Expectancy,White,Female,1917,55.3,
Life Expectancy,White,Female,1918,43.2,
Life Expectancy,White,Female,1919,57.4,
Life Expectancy,White,Female,1920,55.6,
Life Expectancy,White,Female,1921,62.9,
Life Expectancy,White,Female,1922,61.9,
Life Expectancy,White,Female,1923,59.6,
Life Expectancy,White,Female,1924,63.4,
Life Expectancy,White,Female,1925,62.4,
Life Expectancy,White,Female,1926,59.6,
Life Expectancy,White,Female,1927,63.9,
Life Expectancy,White,Female,1928,60.0,
Life Expectancy,White,Female,1929,60.3,
Life Expectancy,White,Female,1930,63.5,
Life Expectancy,White,Female,1931,64.7,
Life Expectancy,White,Female,1932,64.5,
Life Expectancy,White,Female,1933,66.3,
Life Expectancy,White,Female,1934,64.6,
Life Expectancy,White,Female,1935,65.0,
Life Expectancy,White,Female,1936,61.9,
Life Expectancy,White,Female,1937,63.8,
Life Expectancy,White,Female,1938,66.8,
Life Expectancy,White,Female,1939,66.6,
Life Expectancy,White,Female,1940,66.6,
Life Expectancy,White,Female,1941,68.5,
Life Expectancy,White,Female,1942,69.4,
Life Expectancy,White,Female,1943,65.7,
Life Expectancy,White,Female,1944,68.4,
Life Expectancy,White,Female,1945,69.5,
Life Expectancy,White,Female,1946,70.3,
Life Expectancy,White,Female,1947,70.5,
Life Expectancy,White,Female,1948,71.0,
Life Expectancy,White,Female,1949,71.9,
Life Expectancy,White,Female,1950,72.2,
Life Expectancy,White,Female,1951,72.4,
Life Expectancy,White,Female,1952,72.6,
Life Expectancy,White,Female,1953,73.0,
Life Expectancy,White,Female,1954,73.7,
Life Expectancy,White,Female,1955,73.7,
Life Expectancy,White,Female,1956,73.9,
Life Expectancy,White,Female,1957,73.7,
Life Expectancy,White,Female,1958,73.9,
Life Expectancy,White,Female,1959,74.2,
Life Expectancy,White,Female,1960,74.1,
Life Expectancy,White,Female,1961,74.6,
Life Expectancy,White,Female,1962,74.5,
Life Expectancy,White,Female,1963,74.4,
Life Expectancy,White,Female,1964,74.7,
Life Expectancy,White,Female,1965,74.8,
Life Expectancy,White,Female,1966,74.8,
Life Expectancy,White,Female,1967,75.2,
Life Expectancy,White,Female,1968,75.0,
Life Expectancy,White,Female,1969,75.3,
Life Expectancy,White,Female,1970,75.6,
Life Expectancy,White,Female,1971,75.8,
Life Expectancy,White,Female,1972,75.9,
Life Expectancy,White,Female,1973,76.1,
Life Expectancy,White,Female,1974,76.7,
Life Expectancy,White,Female,1975,77.3,
Life Expectancy,White,Female,1976,77.5,
Life Expectancy,White,Female,1977,77.9,
Life Expectancy,White,Female,1978,78.0,
Life Expectancy,White,Female,1979,78.4,
Life Expectancy,White,Female,1980,78.1,
Life Expectancy,White,Female,1981,78.4,
Life Expectancy,White,Female,1982,78.7,
Life Expectancy,White,Female,1983,78.7,
Life Expectancy,White,Female,1984,78.7,
Life Expectancy,White,Female,1985,78.7,
Life Expectancy,White,Female,1986,78.8,
Life Expectancy,White,Female,1987,78.9,
Life Expectancy,White,Female,1988,78.9,
Life Expectancy,White,Female,1989,79.2,
Life Expectancy,White,Female,1990,79.4,
Life Expectancy,White,Female,1991,79.6,
Life Expectancy,White,Female,1992,79.8,
Life Expectancy,White,Female,1993,79.5,
Life Expectancy,White,Female,1994,79.6,
Life Expectancy,White,Female,1995,79.6,
Life Expectancy,White,Female,1996,79.7,
Life Expectancy,White,Female,1997,79.9,
Life Expectancy,White,Female,1998,80.0,
Life Expectancy,White,Female,1999,79.9,
Life Expectancy,White,Female,2000,79.9,
Life Expectancy,White,Female,2001,80.0,
Life Expectancy,White,Female,2002,80.1,
Life Expectancy,White,Female,2003,80.2,
Life Expectancy,White,Female,2004,80.5,
Life Expectancy,White,Female,2005,80.5,
Life Expectancy,White,Female,2006,80.7,
Life Expectancy,White,Female,2007,80.9,
Life Expectancy,White,Female,2008,80.9,
Life Expectancy,White,Female,2009,81.2,
Life Expectancy,White,Female,2010,81.3,
Life Expectancy,White,Female,2011,81.3,
Life Expectancy,White,Female,2012,81.4,
Life Expectancy,White,Female,2013,81.4,
Life Expectancy,White,Male,1900,46.6,
Life Expectancy,White,Male,1901,48.0,
Life Expectancy,White,Male,1902,50.2,
Life Expectancy,White,Male,1903,49.5,
Life Expectancy,White,Male,1904,46.6,
Life Expectancy,White,Male,1905,47.6,
Life Expectancy,White,Male,1906,47.3,
Life Expectancy,White,Male,1907,46.0,
Life Expectancy,White,Male,1908,49.9,
Life Expectancy,White,Male,1909,50.9,
Life Expectancy,White,Male,1910,48.6,
Life Expectancy,White,Male,1911,51.3,
Life Expectancy,White,Male,1912,51.9,
Life Expectancy,White,Male,1913,50.8,
Life Expectancy,White,Male,1914,52.7,
Life Expectancy,White,Male,1915,53.1,
Life Expectancy,White,Male,1916,50.2,
Life Expectancy,White,Male,1917,49.3,
Life Expectancy,White,Male,1918,37.1,
Life Expectancy,White,Male,1919,54.5,
Life Expectancy,White,Male,1920,54.4,
Life Expectancy,White,Male,1921,60.8,
Life Expectancy,White,Male,1922,59.1,
Life Expectancy,White,Male,1923,57.1,
Life Expectancy,White,Male,1924,59.8,
Life Expectancy,White,Male,1925,59.3,
Life Expectancy,White,Male,1926,57.0,
Life Expectancy,White,Male,1927,60.5,
Life Expectancy,White,Male,1928,57.0,
Life Expectancy,White,Male,1929,57.2,
Life Expectancy,White,Male,1930,59.7,
Life Expectancy,White,Male,1931,60.8,
Life Expectancy,White,Male,1932,62.0,
Life Expectancy,White,Male,1933,62.7,
Life Expectancy,White,Male,1934,60.5,
Life Expectancy,White,Male,1935,61.0,
Life Expectancy,White,Male,1936,58.0,
Life Expectancy,White,Male,1937,59.3,
Life Expectancy,White,Male,1938,63.2,
Life Expectancy,White,Male,1939,63.3,
Life Expectancy,White,Male,1940,62.1,
Life Expectancy,White,Male,1941,64.4,
Life Expectancy,White,Male,1942,65.9,
Life Expectancy,White,Male,1943,63.2,
Life Expectancy,White,Male,1944,64.5,
Life Expectancy,White,Male,1945,64.4,
Life Expectancy,White,Male,1946,65.1,
Life Expectancy,White,Male,1947,65.2,
Life Expectancy,White,Male,1948,65.5,
Life Expectancy,White,Male,1949,66.2,
Life Expectancy,White,Male,1950,66.5,
Life Expectancy,White,Male,1951,66.5,
Life Expectancy,White,Male,1952,66.6,
Life Expectancy,White,Male,1953,66.8,
Life Expectancy,White,Male,1954,67.5,
Life Expectancy,White,Male,1955,67.4,
Life Expectancy,White,Male,1956,67.5,
Life Expectancy,White,Male,1957,67.2,
Life Expectancy,White,Male,1958,67.4,
Life Expectancy,White,Male,1959,67.5,
Life Expectancy,White,Male,1960,67.4,
Life Expectancy,White,Male,1961,67.8,
Life Expectancy,White,Male,1962,67.7,
Life Expectancy,White,Male,1963,67.4,
Life Expectancy,White,Male,1964,67.7,
Life Expectancy,White,Male,1965,67.6,
Life Expectancy,White,Male,1966,67.5,
Life Expectancy,White,Male,1967,67.8,
Life Expectancy,White,Male,1968,67.5,
Life Expectancy,White,Male,1969,67.7,
Life Expectancy,White,Male,1970,68.0,
Life Expectancy,White,Male,1971,68.3,
Life Expectancy,White,Male,1972,68.3,
Life Expectancy,White,Male,1973,68.5,
Life Expectancy,White,Male,1974,69.0,
Life Expectancy,White,Male,1975,69.5,
Life Expectancy,White,Male,1976,69.9,
Life Expectancy,White,Male,1977,70.2,
Life Expectancy,White,Male,1978,70.4,
Life Expectancy,White,Male,1979,70.8,
Life Expectancy,White,Male,1980,70.7,
Life Expectancy,White,Male,1981,71.1,
Life Expectancy,White,Male,1982,71.5,
Life Expectancy,White,Male,1983,71.6,
Life Expectancy,White,Male,1984,71.8,
Life Expectancy,White,Male,1985,71.8,
Life Expectancy,White,Male,1986,71.9,
Life Expectancy,White,Male,1987,72.1,
Life Expectancy,White,Male,1988,72.2,
Life Expectancy,White,Male,1989,72.5,
Life Expectancy,White,Male,1990,72.7,
Life Expectancy,White,Male,1991,72.9,
Life Expectancy,White,Male,1992,73.2,
Life Expectancy,White,Male,1993,73.1,
Life Expectancy,White,Male,1994,73.3,
Life Expectancy,White,Male,1995,73.4,
Life Expectancy,White,Male,1996,73.9,
Life Expectancy,White,Male,1997,74.3,
Life Expectancy,White,Male,1998,74.5,
Life Expectancy,White,Male,1999,74.6,
Life Expectancy,White,Male,2000,74.7,
Life Expectancy,White,Male,2001,74.9,
Life Expectancy,White,Male,2002,74.9,
Life Expectancy,White,Male,2003,75.1,
Life Expectancy,White,Male,2004,75.5,
Life Expectancy,White,Male,2005,75.5,
Life Expectancy,White,Male,2006,75.8,
Life Expectancy,White,Male,2007,76.0,
Life Expectancy,White,Male,2008,76.1,
Life Expectancy,White,Male,2009,76.4,
Life Expectancy,White,Male,2010,76.5,
Life Expectancy,White,Male,2011,76.6,
Life Expectancy,White,Male,2012,76.7,
Life Expectancy,White,Male,2013,76.7,
Mortality,All Races,Both Sexes,1900,,2518.0
Mortality,All Races,Both Sexes,1901,,2473.1
Mortality,All Races,Both Sexes,1902,,2301.3
Mortality,All Races,Both Sexes,1903,,2379.0
Mortality,All Races,Both Sexes,1904,,2502.5
Mortality,All Races,Both Sexes,1905,,2423.7
Mortality,All Races,Both Sexes,1906,,2399.0
Mortality,All Races,Both Sexes,1907,,2494.4
Mortality,All Races,Both Sexes,1908,,2298.9
Mortality,All Races,Both Sexes,1909,,2249.2
Mortality,All Races,Both Sexes,1910,,2317.2
Mortality,All Races,Both Sexes,1911,,2245.4
Mortality,All Races,Both Sexes,1912,,2211.7
Mortality,All Races,Both Sexes,1913,,2206.5
Mortality,All Races,Both Sexes,1914,,2149.3
Mortality,All Races,Both Sexes,1915,,2174.8
Mortality,All Races,Both Sexes,1916,,2266.6
Mortality,All Races,Both Sexes,1917,,2275.9
Mortality,All Races,Both Sexes,1918,,2541.6
Mortality,All Races,Both Sexes,1919,,2057.2
Mortality,All Races,Both Sexes,1920,,2147.1
Mortality,All Races,Both Sexes,1921,,1958.2
Mortality,All Races,Both Sexes,1922,,2049.5
Mortality,All Races,Both Sexes,1923,,2141.4
Mortality,All Races,Both Sexes,1924,,2038.0
Mortality,All Races,Both Sexes,1925,,2068.7
Mortality,All Races,Both Sexes,1926,,2146.2
Mortality,All Races,Both Sexes,1927,,1989.5
Mortality,All Races,Both Sexes,1928,,2124.6
Mortality,All Races,Both Sexes,1929,,2081.2
Mortality,All Races,Both Sexes,1930,,1943.8
Mortality,All Races,Both Sexes,1931,,1895.1
Mortality,All Races,Both Sexes,1932,,1897.1
Mortality,All Races,Both Sexes,1933,,1850.1
Mortality,All Races,Both Sexes,1934,,1888.2
Mortality,All Races,Both Sexes,1935,,1860.1
Mortality,All Races,Both Sexes,1936,,1963.7
Mortality,All Races,Both Sexes,1937,,1882.6
Mortality,All Races,Both Sexes,1938,,1764.3
Mortality,All Races,Both Sexes,1939,,1766.9
Mortality,All Races,Both Sexes,1940,,1785.0
Mortality,All Races,Both Sexes,1941,,1694.6
Mortality,All Races,Both Sexes,1942,,1635.8
Mortality,All Races,Both Sexes,1943,,1702.4
Mortality,All Races,Both Sexes,1944,,1618.5
Mortality,All Races,Both Sexes,1945,,1575.4
Mortality,All Races,Both Sexes,1946,,1529.7
Mortality,All Races,Both Sexes,1947,,1532.0
Mortality,All Races,Both Sexes,1948,,1501.7
Mortality,All Races,Both Sexes,1949,,1457.3
Mortality,All Races,Both Sexes,1950,,1446.0
Mortality,All Races,Both Sexes,1951,,1423.5
Mortality,All Races,Both Sexes,1952,,1394.6
Mortality,All Races,Both Sexes,1953,,1385.6
Mortality,All Races,Both Sexes,1954,,1314.8
Mortality,All Races,Both Sexes,1955,,1332.3
Mortality,All Races,Both Sexes,1956,,1333.7
Mortality,All Races,Both Sexes,1957,,1356.7
Mortality,All Races,Both Sexes,1958,,1343.4
Mortality,All Races,Both Sexes,1959,,1317.3
Mortality,All Races,Both Sexes,1960,,1339.2
Mortality,All Races,Both Sexes,1961,,1298.8
Mortality,All Races,Both Sexes,1962,,1323.6
Mortality,All Races,Both Sexes,1963,,1346.3
Mortality,All Races,Both Sexes,1964,,1303.8
Mortality,All Races,Both Sexes,1965,,1306.5
Mortality,All Races,Both Sexes,1966,,1309.0
Mortality,All Races,Both Sexes,1967,,1274.0
Mortality,All Races,Both Sexes,1968,,1304.5
Mortality,All Races,Both Sexes,1969,,1271.8
Mortality,All Races,Both Sexes,1970,,1222.6
Mortality,All Races,Both Sexes,1971,,1213.1
Mortality,All Races,Both Sexes,1972,,1214.8
Mortality,All Races,Both Sexes,1973,,1201.2
Mortality,All Races,Both Sexes,1974,,1151.8
Mortality,All Races,Both Sexes,1975,,1094.4
Mortality,All Races,Both Sexes,1976,,1084.1
Mortality,All Races,Both Sexes,1977,,1051.6
Mortality,All Races,Both Sexes,1978,,1043.7
Mortality,All Races,Both Sexes,1979,,1010.6
Mortality,All Races,Both Sexes,1980,,1038.7
Mortality,All Races,Both Sexes,1981,,1007.0
Mortality,All Races,Both Sexes,1982,,984.9
Mortality,All Races,Both Sexes,1983,,990.0
Mortality,All Races,Both Sexes,1984,,982.1
Mortality,All Races,Both Sexes,1985,,987.8
Mortality,All Races,Both Sexes,1986,,978.4
Mortality,All Races,Both Sexes,1987,,969.6
Mortality,All Races,Both Sexes,1988,,975.1
Mortality,All Races,Both Sexes,1989,,949.9
Mortality,All Races,Both Sexes,1990,,938.0
Mortality,All Races,Both Sexes,1991,,921.9
Mortality,All Races,Both Sexes,1992,,905.3
Mortality,All Races,Both Sexes,1993,,925.8
Mortality,All Races,Both Sexes,1994,,913.2
Mortality,All Races,Both Sexes,1995,,909.5
Mortality,All Races,Both Sexes,1996,,893.7
Mortality,All Races,Both Sexes,1997,,877.7
Mortality,All Races,Both Sexes,1998,,870.1
Mortality,All Races,Both Sexes,1999,,875.6
Mortality,All Races,Both Sexes,2000,,869.0
Mortality,All Races,Both Sexes,2001,,858.8
Mortality,All Races,Both Sexes,2002,,855.9
Mortality,All Races,Both Sexes,2003,,843.5
Mortality,All Races,Both Sexes,2004,,813.7
Mortality,All Races,Both Sexes,2005,,815.0
Mortality,All Races,Both Sexes,2006,,791.8
Mortality,All Races,Both Sexes,2007,,775.3
Mortality,All Races,Both Sexes,2008,,774.9
Mortality,All Races,Both Sexes,2009,,749.6
Mortality,All Races,Both Sexes,2010,,747.0
Mortality,All Races,Both Sexes,2011,,741.3
Mortality,All Races,Both Sexes,2012,,732.8
Mortality,All Races,Both Sexes,2013,,731.9
Mortality,All Races,Female,1900,,2410.4
Mortality,All Races,Female,1901,,2350.5
Mortality,All Races,Female,1902,,2162.8
Mortality,All Races,Female,1903,,2250.6
Mortality,All Races,Female,1904,,2358.8
Mortality,All Races,Female,1905,,2287.7
Mortality,All Races,Female,1906,,2244.6
Mortality,All Races,Female,1907,,2327.3
Mortality,All Races,Female,1908,,2162.3
Mortality,All Races,Female,1909,,2111.5
Mortality,All Races,Female,1910,,2171.3
Mortality,All Races,Female,1911,,2112.1
Mortality,All Races,Female,1912,,2067.2
Mortality,All Races,Female,1913,,2058.1
Mortality,All Races,Female,1914,,2009.0
Mortality,All Races,Female,1915,,2044.3
Mortality,All Races,Female,1916,,2123.3
Mortality,All Races,Female,1917,,2119.9
Mortality,All Races,Female,1918,,2342.8
Mortality,All Races,Female,1919,,1973.1
Mortality,All Races,Female,1920,,2081.3
Mortality,All Races,Female,1921,,1890.4
Mortality,All Races,Female,1922,,1965.1
Mortality,All Races,Female,1923,,2050.5
Mortality,All Races,Female,1924,,1927.2
Mortality,All Races,Female,1925,,1957.1
Mortality,All Races,Female,1926,,2028.0
Mortality,All Races,Female,1927,,1863.8
Mortality,All Races,Female,1928,,1990.5
Mortality,All Races,Female,1929,,1940.9
Mortality,All Races,Female,1930,,1798.3
Mortality,All Races,Female,1931,,1743.6
Mortality,All Races,Female,1932,,1758.4
Mortality,All Races,Female,1933,,1699.1
Mortality,All Races,Female,1934,,1720.7
Mortality,All Races,Female,1935,,1690.6
Mortality,All Races,Female,1936,,1780.6
Mortality,All Races,Female,1937,,1695.1
Mortality,All Races,Female,1938,,1599.1
Mortality,All Races,Female,1939,,1599.8
Mortality,All Races,Female,1940,,1599.4
Mortality,All Races,Female,1941,,1502.4
Mortality,All Races,Female,1942,,1444.7
Mortality,All Races,Female,1943,,1507.8
Mortality,All Races,Female,1944,,1428.4
Mortality,All Races,Female,1945,,1376.8
Mortality,All Races,Female,1946,,1342.8
Mortality,All Races,Female,1947,,1332.5
Mortality,All Races,Female,1948,,1296.4
Mortality,All Races,Female,1949,,1252.6
Mortality,All Races,Female,1950,,1236.0
Mortality,All Races,Female,1951,,1213.4
Mortality,All Races,Female,1952,,1186.7
Mortality,All Races,Female,1953,,1172.6
Mortality,All Races,Female,1954,,1109.7
Mortality,All Races,Female,1955,,1121.9
Mortality,All Races,Female,1956,,1117.5
Mortality,All Races,Female,1957,,1134.5
Mortality,All Races,Female,1958,,1120.9
Mortality,All Races,Female,1959,,1093.5
Mortality,All Races,Female,1960,,1105.3
Mortality,All Races,Female,1961,,1068.5
Mortality,All Races,Female,1962,,1087.1
Mortality,All Races,Female,1963,,1098.5
Mortality,All Races,Female,1964,,1061.5
Mortality,All Races,Female,1965,,1056.1
Mortality,All Races,Female,1966,,1055.3
Mortality,All Races,Female,1967,,1020.5
Mortality,All Races,Female,1968,,1043.5
Mortality,All Races,Female,1969,,1013.4
Mortality,All Races,Female,1970,,971.4
Mortality,All Races,Female,1971,,960.6
Mortality,All Races,Female,1972,,958.7
Mortality,All Races,Female,1973,,947.8
Mortality,All Races,Female,1974,,907.5
Mortality,All Races,Female,1975,,855.1
Mortality,All Races,Female,1976,,849.4
Mortality,All Races,Female,1977,,820.7
Mortality,All Races,Female,1978,,816.4
Mortality,All Races,Female,1979,,789.9
Mortality,All Races,Female,1980,,817.7
Mortality,All Races,Female,1981,,792.7
Mortality,All Races,Female,1982,,776.4
Mortality,All Races,Female,1983,,783.3
Mortality,All Races,Female,1984,,779.4
Mortality,All Races,Female,1985,,784.2
Mortality,All Races,Female,1986,,778.5
Mortality,All Races,Female,1987,,773.8
Mortality,All Races,Female,1988,,780.5
Mortality,All Races,Female,1989,,761.3
Mortality,All Races,Female,1990,,750.3
Mortality,All Races,Female,1991,,737.9
Mortality,All Races,Female,1992,,725.3
Mortality,All Races,Female,1993,,745.6
Mortality,All Races,Female,1994,,738.3
Mortality,All Races,Female,1995,,739.2
Mortality,All Races,Female,1996,,732.7
Mortality,All Races,Female,1997,,725.3
Mortality,All Races,Female,1998,,724.2
Mortality,All Races,Female,1999,,734.0
Mortality,All Races,Female,2000,,731.4
Mortality,All Races,Female,2001,,725.6
Mortality,All Races,Female,2002,,723.6
Mortality,All Races,Female,2003,,715.2
Mortality,All Races,Female,2004,,690.5
Mortality,All Races,Female,2005,,692.3
Mortality,All Races,Female,2006,,672.2
Mortality,All Races,Female,2007,,658.1
Mortality,All Races,Female,2008,,660.0
Mortality,All Races,Female,2009,,636.8
Mortality,All Races,Female,2010,,634.9
Mortality,All Races,Female,2011,,632.4
Mortality,All Races,Female,2012,,624.7
Mortality,All Races,Female,2013,,623.5
Mortality,All Races,Male,1900,,2630.8
Mortality,All Races,Male,1901,,2600.5
Mortality,All Races,Male,1902,,2447.9
Mortality,All Races,Male,1903,,2513.5
Mortality,All Races,Male,1904,,2652.9
Mortality,All Races,Male,1905,,2565.5
Mortality,All Races,Male,1906,,2553.6
Mortality,All Races,Male,1907,,2660.3
Mortality,All Races,Male,1908,,2433.4
Mortality,All Races,Male,1909,,2385.7
Mortality,All Races,Male,1910,,2459.9
Mortality,All Races,Male,1911,,2374.5
Mortality,All Races,Male,1912,,2352.8
Mortality,All Races,Male,1913,,2351.2
Mortality,All Races,Male,1914,,2286.1
Mortality,All Races,Male,1915,,2302.6
Mortality,All Races,Male,1916,,2406.2
Mortality,All Races,Male,1917,,2427.8
Mortality,All Races,Male,1918,,2740.5
Mortality,All Races,Male,1919,,2141.5
Mortality,All Races,Male,1920,,2213.2
Mortality,All Races,Male,1921,,2025.0
Mortality,All Races,Male,1922,,2131.8
Mortality,All Races,Male,1923,,2229.5
Mortality,All Races,Male,1924,,2146.9
Mortality,All Races,Male,1925,,2178.0
Mortality,All Races,Male,1926,,2262.2
Mortality,All Races,Male,1927,,2113.8
Mortality,All Races,Male,1928,,2256.3
Mortality,All Races,Male,1929,,2219.7
Mortality,All Races,Male,1930,,2088.8
Mortality,All Races,Male,1931,,2047.4
Mortality,All Races,Male,1932,,2036.4
Mortality,All Races,Male,1933,,2002.0
Mortality,All Races,Male,1934,,2056.7
Mortality,All Races,Male,1935,,2031.2
Mortality,All Races,Male,1936,,2148.5
Mortality,All Races,Male,1937,,2072.8
Mortality,All Races,Male,1938,,1932.4
Mortality,All Races,Male,1939,,1937.2
Mortality,All Races,Male,1940,,1976.0
Mortality,All Races,Male,1941,,1894.3
Mortality,All Races,Male,1942,,1835.1
Mortality,All Races,Male,1943,,1907.7
Mortality,All Races,Male,1944,,1821.6
Mortality,All Races,Male,1945,,1791.6
Mortality,All Races,Male,1946,,1727.6
Mortality,All Races,Male,1947,,1743.0
Mortality,All Races,Male,1948,,1720.5
Mortality,All Races,Male,1949,,1676.7
Mortality,All Races,Male,1950,,1674.2
Mortality,All Races,Male,1951,,1651.7
Mortality,All Races,Male,1952,,1620.8
Mortality,All Races,Male,1953,,1619.0
Mortality,All Races,Male,1954,,1540.7
Mortality,All Races,Male,1955,,1565.2
Mortality,All Races,Male,1956,,1575.5
Mortality,All Races,Male,1957,,1606.7
Mortality,All Races,Male,1958,,1596.3
Mortality,All Races,Male,1959,,1573.4
Mortality,All Races,Male,1960,,1609.0
Mortality,All Races,Male,1961,,1567.6
Mortality,All Races,Male,1962,,1604.4
Mortality,All Races,Male,1963,,1644.0
Mortality,All Races,Male,1964,,1597.0
Mortality,All Races,Male,1965,,1614.3
Mortality,All Races,Male,1966,,1624.2
Mortality,All Races,Male,1967,,1591.8
Mortality,All Races,Male,1968,,1635.2
Mortality,All Races,Male,1969,,1601.4
Mortality,All Races,Male,1970,,1542.1
Mortality,All Races,Male,1971,,1542.5
Mortality,All Races,Male,1972,,1551.1
Mortality,All Races,Male,1973,,1537.5
Mortality,All Races,Male,1974,,1478.5
Mortality,All Races,Male,1975,,1417.4
Mortality,All Races,Male,1976,,1404.3
Mortality,All Races,Male,1977,,1369.3
Mortality,All Races,Male,1978,,1358.1
Mortality,All Races,Male,1979,,1316.2
Mortality,All Races,Male,1980,,1347.6
Mortality,All Races,Male,1981,,1308.2
Mortality,All Races,Male,1982,,1279.9
Mortality,All Races,Male,1983,,1284.4
Mortality,All Races,Male,1984,,1271.0
Mortality,All Races,Male,1985,,1277.6
Mortality,All Races,Male,1986,,1261.5
Mortality,All Races,Male,1987,,1245.7
Mortality,All Races,Male,1988,,1250.0
Mortality,All Races,Male,1989,,1214.2
Mortality,All Races,Male,1990,,1202.0
Mortality,All Races,Male,1991,,1180.2
Mortality,All Races,Male,1992,,1158.0
Mortality,All Races,Male,1993,,1177.0
Mortality,All Races,Male,1994,,1155.1
Mortality,All Races,Male,1995,,1143.6
Mortality,All Races,Male,1996,,1115.2
Mortality,All Races,Male,1997,,1087.7
Mortality,All Races,Male,1998,,1068.9
Mortality,All Races,Male,1999,,1067.0
Mortality,All Races,Male,2000,,1053.8
Mortality,All Races,Male,2001,,1035.3
Mortality,All Races,Male,2002,,1030.6
Mortality,All Races,Male,2003,,1010.3
Mortality,All Races,Male,2004,,973.3
Mortality,All Races,Male,2005,,971.9
Mortality,All Races,Male,2006,,943.4
Mortality,All Races,Male,2007,,922.9
Mortality,All Races,Male,2008,,918.8
Mortality,All Races,Male,2009,,890.9
Mortality,All Races,Male,2010,,887.1
Mortality,All Races,Male,2011,,875.3
Mortality,All Races,Male,2012,,865.1
Mortality,All Races,Male,2013,,863.6
Mortality,Black,Both Sexes,1900,,3423.3
Mortality,Black,Both Sexes,1901,,3338.4
Mortality,Black,Both Sexes,1902,,3190.4
Mortality,Black,Both Sexes,1903,,3373.7
Mortality,Black,Both Sexes,1904,,3586.2
Mortality,Black,Both Sexes,1905,,3440.1
Mortality,Black,Both Sexes,1906,,3223.4
Mortality,Black,Both Sexes,1907,,3295.1
Mortality,Black,Both Sexes,1908,,3048.2
Mortality,Black,Both Sexes,1909,,3006.9
Mortality,Black,Both Sexes,1910,,2983.5
Mortality,Black,Both Sexes,1911,,3000.6
Mortality,Black,Both Sexes,1912,,2959.2
Mortality,Black,Both Sexes,1913,,2906.6
Mortality,Black,Both Sexes,1914,,2914.6
Mortality,Black,Both Sexes,1915,,3021.8
Mortality,Black,Both Sexes,1916,,2940.3
Mortality,Black,Both Sexes,1917,,3069.6
Mortality,Black,Both Sexes,1918,,3411.9
Mortality,Black,Both Sexes,1919,,2648.5
Mortality,Black,Both Sexes,1920,,2743.3
Mortality,Black,Both Sexes,1921,,2459.8
Mortality,Black,Both Sexes,1922,,2507.8
Mortality,Black,Both Sexes,1923,,2717.8
Mortality,Black,Both Sexes,1924,,2806.5
Mortality,Black,Both Sexes,1925,,2858.7
Mortality,Black,Both Sexes,1926,,2906.0
Mortality,Black,Both Sexes,1927,,2676.2
Mortality,Black,Both Sexes,1928,,2835.5
Mortality,Black,Both Sexes,1929,,2832.6
Mortality,Black,Both Sexes,1930,,2682.9
Mortality,Black,Both Sexes,1931,,2516.0
Mortality,Black,Both Sexes,1932,,2397.3
Mortality,Black,Both Sexes,1933,,2307.9
Mortality,Black,Both Sexes,1934,,2386.5
Mortality,Black,Both Sexes,1935,,2316.0
Mortality,Black,Both Sexes,1936,,2496.6
Mortality,Black,Both Sexes,1937,,2374.0
Mortality,Black,Both Sexes,1938,,2217.2
Mortality,Black,Both Sexes,1939,,2157.0
Mortality,Black,Both Sexes,1940,,2254.1
Mortality,Black,Both Sexes,1941,,2142.8
Mortality,Black,Both Sexes,1942,,1988.9
Mortality,Black,Both Sexes,1943,,2006.9
Mortality,Black,Both Sexes,1944,,1904.5
Mortality,Black,Both Sexes,1945,,1808.8
Mortality,Black,Both Sexes,1946,,1711.7
Mortality,Black,Both Sexes,1947,,1749.7
Mortality,Black,Both Sexes,1948,,1766.9
Mortality,Black,Both Sexes,1949,,1739.9
Mortality,Black,Both Sexes,1950,,1757.6
Mortality,Black,Both Sexes,1951,,1698.2
Mortality,Black,Both Sexes,1952,,1671.3
Mortality,Black,Both Sexes,1953,,1641.2
Mortality,Black,Both Sexes,1954,,1514.8
Mortality,Black,Both Sexes,1955,,1510.2
Mortality,Black,Both Sexes,1956,,1519.2
Mortality,Black,Both Sexes,1957,,1571.7
Mortality,Black,Both Sexes,1958,,1552.1
Mortality,Black,Both Sexes,1959,,1504.4
Mortality,Black,Both Sexes,1960,,1549.0
Mortality,Black,Both Sexes,1961,,1492.2
Mortality,Black,Both Sexes,1962,,1532.0
Mortality,Black,Both Sexes,1963,,1581.5
Mortality,Black,Both Sexes,1964,,1507.1
Mortality,Black,Both Sexes,1965,,1508.9
Mortality,Black,Both Sexes,1966,,1529.7
Mortality,Black,Both Sexes,1967,,1466.9
Mortality,Black,Both Sexes,1968,,1615.6
Mortality,Black,Both Sexes,1969,,1570.4
Mortality,Black,Both Sexes,1970,,1518.1
Mortality,Black,Both Sexes,1971,,1481.3
Mortality,Black,Both Sexes,1972,,1486.3
Mortality,Black,Both Sexes,1973,,1473.3
Mortality,Black,Both Sexes,1974,,1397.7
Mortality,Black,Both Sexes,1975,,1327.5
Mortality,Black,Both Sexes,1976,,1311.2
Mortality,Black,Both Sexes,1977,,1286.0
Mortality,Black,Both Sexes,1978,,1267.7
Mortality,Black,Both Sexes,1979,,1238.5
Mortality,Black,Both Sexes,1980,,1312.9
Mortality,Black,Both Sexes,1981,,1256.5
Mortality,Black,Both Sexes,1982,,1220.1
Mortality,Black,Both Sexes,1983,,1239.8
Mortality,Black,Both Sexes,1984,,1234.5
Mortality,Black,Both Sexes,1985,,1259.1
Mortality,Black,Both Sexes,1986,,1264.6
Mortality,Black,Both Sexes,1987,,1260.9
Mortality,Black,Both Sexes,1988,,1281.9
Mortality,Black,Both Sexes,1989,,1273.5
Mortality,Black,Both Sexes,1990,,1248.5
Mortality,Black,Both Sexes,1991,,1233.6
Mortality,Black,Both Sexes,1992,,1205.3
Mortality,Black,Both Sexes,1993,,1240.2
Mortality,Black,Both Sexes,1994,,1216.2
Mortality,Black,Both Sexes,1995,,1213.6
Mortality,Black,Both Sexes,1996,,1177.6
Mortality,Black,Both Sexes,1997,,1139.2
Mortality,Black,Both Sexes,1998,,1127.1
Mortality,Black,Both Sexes,1999,,1135.7
Mortality,Black,Both Sexes,2000,,1121.4
Mortality,Black,Both Sexes,2001,,1106.2
Mortality,Black,Both Sexes,2002,,1097.3
Mortality,Black,Both Sexes,2003,,1080.5
Mortality,Black,Both Sexes,2004,,1043.8
Mortality,Black,Both Sexes,2005,,1035.1
Mortality,Black,Both Sexes,2006,,997.9
Mortality,Black,Both Sexes,2007,,972.0
Mortality,Black,Both Sexes,2008,,947.6
Mortality,Black,Both Sexes,2009,,912.8
Mortality,Black,Both Sexes,2010,,898.2
Mortality,Black,Both Sexes,2011,,877.1
Mortality,Black,Both Sexes,2012,,864.8
Mortality,Black,Both Sexes,2013,,860.8
Mortality,Black,Female,1900,,3308.0
Mortality,Black,Female,1901,,3167.2
Mortality,Black,Female,1902,,3003.4
Mortality,Black,Female,1903,,3210.9
Mortality,Black,Female,1904,,3362.4
Mortality,Black,Female,1905,,3247.5
Mortality,Black,Female,1906,,3115.4
Mortality,Black,Female,1907,,3179.3
Mortality,Black,Female,1908,,2963.6
Mortality,Black,Female,1909,,2875.6
Mortality,Black,Female,1910,,2875.3
Mortality,Black,Female,1911,,2899.8
Mortality,Black,Female,1912,,2807.7
Mortality,Black,Female,1913,,2802.7
Mortality,Black,Female,1914,,2810.1
Mortality,Black,Female,1915,,2948.8
Mortality,Black,Female,1916,,2853.6
Mortality,Black,Female,1917,,2970.6
Mortality,Black,Female,1918,,3304.3
Mortality,Black,Female,1919,,2663.2
Mortality,Black,Female,1920,,2756.2
Mortality,Black,Female,1921,,2475.0
Mortality,Black,Female,1922,,2476.1
Mortality,Black,Female,1923,,2657.8
Mortality,Black,Female,1924,,2693.2
Mortality,Black,Female,1925,,2741.9
Mortality,Black,Female,1926,,2778.0
Mortality,Black,Female,1927,,2565.5
Mortality,Black,Female,1928,,2703.1
Mortality,Black,Female,1929,,2664.8
Mortality,Black,Female,1930,,2530.1
Mortality,Black,Female,1931,,2362.8
Mortality,Black,Female,1932,,2256.1
Mortality,Black,Female,1933,,2174.1
Mortality,Black,Female,1934,,2213.4
Mortality,Black,Female,1935,,2136.5
Mortality,Black,Female,1936,,2278.7
Mortality,Black,Female,1937,,2158.5
Mortality,Black,Female,1938,,2057.1
Mortality,Black,Female,1939,,1992.4
Mortality,Black,Female,1940,,2057.5
Mortality,Black,Female,1941,,1945.9
Mortality,Black,Female,1942,,1803.7
Mortality,Black,Female,1943,,1837.6
Mortality,Black,Female,1944,,1733.6
Mortality,Black,Female,1945,,1634.8
Mortality,Black,Female,1946,,1556.8
Mortality,Black,Female,1947,,1586.1
Mortality,Black,Female,1948,,1580.0
Mortality,Black,Female,1949,,1572.2
Mortality,Black,Female,1950,,1574.1
Mortality,Black,Female,1951,,1508.3
Mortality,Black,Female,1952,,1465.0
Mortality,Black,Female,1953,,1434.3
Mortality,Black,Female,1954,,1326.3
Mortality,Black,Female,1955,,1326.7
Mortality,Black,Female,1956,,1331.9
Mortality,Black,Female,1957,,1374.6
Mortality,Black,Female,1958,,1354.6
Mortality,Black,Female,1959,,1305.0
Mortality,Black,Female,1960,,1340.5
Mortality,Black,Female,1961,,1295.9
Mortality,Black,Female,1962,,1324.5
Mortality,Black,Female,1963,,1347.8
Mortality,Black,Female,1964,,1284.1
Mortality,Black,Female,1965,,1266.0
Mortality,Black,Female,1966,,1274.6
Mortality,Black,Female,1967,,1209.7
Mortality,Black,Female,1968,,1325.6
Mortality,Black,Female,1969,,1274.9
Mortality,Black,Female,1970,,1228.7
Mortality,Black,Female,1971,,1196.8
Mortality,Black,Female,1972,,1181.2
Mortality,Black,Female,1973,,1179.7
Mortality,Black,Female,1974,,1109.7
Mortality,Black,Female,1975,,1042.4
Mortality,Black,Female,1976,,1031.2
Mortality,Black,Female,1977,,1012.2
Mortality,Black,Female,1978,,995.1
Mortality,Black,Female,1979,,967.1
Mortality,Black,Female,1980,,1031.8
Mortality,Black,Female,1981,,985.7
Mortality,Black,Female,1982,,958.8
Mortality,Black,Female,1983,,980.2
Mortality,Black,Female,1984,,974.9
Mortality,Black,Female,1985,,992.2
Mortality,Black,Female,1986,,992.7
Mortality,Black,Female,1987,,988.4
Mortality,Black,Female,1988,,1005.4
Mortality,Black,Female,1989,,995.8
Mortality,Black,Female,1990,,973.6
Mortality,Black,Female,1991,,961.8
Mortality,Black,Female,1992,,941.4
Mortality,Black,Female,1993,,968.6
Mortality,Black,Female,1994,,954.0
Mortality,Black,Female,1995,,955.7
Mortality,Black,Female,1996,,939.6
Mortality,Black,Female,1997,,921.6
Mortality,Black,Female,1998,,921.0
Mortality,Black,Female,1999,,933.6
Mortality,Black,Female,2000,,927.6
Mortality,Black,Female,2001,,917.9
Mortality,Black,Female,2002,,913.5
Mortality,Black,Female,2003,,898.3
Mortality,Black,Female,2004,,869.8
Mortality,Black,Female,2005,,862.7
Mortality,Black,Female,2006,,828.4
Mortality,Black,Female,2007,,808.1
Mortality,Black,Female,2008,,792.0
Mortality,Black,Female,2009,,763.3
Mortality,Black,Female,2010,,752.5
Mortality,Black,Female,2011,,739.8
Mortality,Black,Female,2012,,723.9
Mortality,Black,Female,2013,,720.6
Mortality,Black,Male,1900,,3576.5
Mortality,Black,Male,1901,,3524.8
Mortality,Black,Male,1902,,3399.8
Mortality,Black,Male,1903,,3546.5
Mortality,Black,Male,1904,,3845.7
Mortality,Black,Male,1905,,3654.7
Mortality,Black,Male,1906,,3341.0
Mortality,Black,Male,1907,,3408.1
Mortality,Black,Male,1908,,3140.0
Mortality,Black,Male,1909,,3149.0
Mortality,Black,Male,1910,,3087.5
Mortality,Black,Male,1911,,3094.2
Mortality,Black,Male,1912,,3114.2
Mortality,Black,Male,1913,,3011.9
Mortality,Black,Male,1914,,3017.4
Mortality,Black,Male,1915,,3104.1
Mortality,Black,Male,1916,,3035.1
Mortality,Black,Male,1917,,3172.8
Mortality,Black,Male,1918,,3532.5
Mortality,Black,Male,1919,,2650.0
Mortality,Black,Male,1920,,2748.4
Mortality,Black,Male,1921,,2461.2
Mortality,Black,Male,1922,,2560.4
Mortality,Black,Male,1923,,2803.9
Mortality,Black,Male,1924,,2947.0
Mortality,Black,Male,1925,,3000.7
Mortality,Black,Male,1926,,3054.7
Mortality,Black,Male,1927,,2801.1
Mortality,Black,Male,1928,,2980.3
Mortality,Black,Male,1929,,3012.6
Mortality,Black,Male,1930,,2845.5
Mortality,Black,Male,1931,,2680.3
Mortality,Black,Male,1932,,2550.0
Mortality,Black,Male,1933,,2452.1
Mortality,Black,Male,1934,,2567.5
Mortality,Black,Male,1935,,2502.9
Mortality,Black,Male,1936,,2722.4
Mortality,Black,Male,1937,,2596.1
Mortality,Black,Male,1938,,2384.3
Mortality,Black,Male,1939,,2328.1
Mortality,Black,Male,1940,,2458.9
Mortality,Black,Male,1941,,2351.1
Mortality,Black,Male,1942,,2187.8
Mortality,Black,Male,1943,,2189.9
Mortality,Black,Male,1944,,2084.9
Mortality,Black,Male,1945,,2002.7
Mortality,Black,Male,1946,,1878.6
Mortality,Black,Male,1947,,1922.8
Mortality,Black,Male,1948,,1954.3
Mortality,Black,Male,1949,,1915.4
Mortality,Black,Male,1950,,1949.5
Mortality,Black,Male,1951,,1903.4
Mortality,Black,Male,1952,,1894.1
Mortality,Black,Male,1953,,1863.1
Mortality,Black,Male,1954,,1726.6
Mortality,Black,Male,1955,,1707.5
Mortality,Black,Male,1956,,1724.1
Mortality,Black,Male,1957,,1797.0
Mortality,Black,Male,1958,,1779.2
Mortality,Black,Male,1959,,1724.7
Mortality,Black,Male,1960,,1777.6
Mortality,Black,Male,1961,,1713.3
Mortality,Black,Male,1962,,1775.4
Mortality,Black,Male,1963,,1859.0
Mortality,Black,Male,1964,,1768.1
Mortality,Black,Male,1965,,1791.0
Mortality,Black,Male,1966,,1832.4
Mortality,Black,Male,1967,,1767.2
Mortality,Black,Male,1968,,1976.8
Mortality,Black,Male,1969,,1934.4
Mortality,Black,Male,1970,,1873.9
Mortality,Black,Male,1971,,1836.1
Mortality,Black,Male,1972,,1871.8
Mortality,Black,Male,1973,,1849.5
Mortality,Black,Male,1974,,1769.5
Mortality,Black,Male,1975,,1697.0
Mortality,Black,Male,1976,,1676.0
Mortality,Black,Male,1977,,1647.9
Mortality,Black,Male,1978,,1626.9
Mortality,Black,Male,1979,,1601.5
Mortality,Black,Male,1980,,1695.5
Mortality,Black,Male,1981,,1626.6
Mortality,Black,Male,1982,,1580.0
Mortality,Black,Male,1983,,1600.5
Mortality,Black,Male,1984,,1597.1
Mortality,Black,Male,1985,,1632.9
Mortality,Black,Male,1986,,1648.4
Mortality,Black,Male,1987,,1646.3
Mortality,Black,Male,1988,,1673.1
Mortality,Black,Male,1989,,1666.1
Mortality,Black,Male,1990,,1642.4
Mortality,Black,Male,1991,,1624.1
Mortality,Black,Male,1992,,1586.2
Mortality,Black,Male,1993,,1631.1
Mortality,Black,Male,1994,,1591.9
Mortality,Black,Male,1995,,1585.2
Mortality,Black,Male,1996,,1523.2
Mortality,Black,Male,1997,,1458.2
Mortality,Black,Male,1998,,1429.8
Mortality,Black,Male,1999,,1432.6
Mortality,Black,Male,2000,,1403.5
Mortality,Black,Male,2001,,1380.5
Mortality,Black,Male,2002,,1364.8
Mortality,Black,Male,2003,,1343.5
Mortality,Black,Male,2004,,1296.9
Mortality,Black,Male,2005,,1281.3
Mortality,Black,Male,2006,,1239.5
Mortality,Black,Male,2007,,1204.8
Mortality,Black,Male,2008,,1168.0
Mortality,Black,Male,2009,,1123.1
Mortality,Black,Male,2010,,1104.0
Mortality,Black,Male,2011,,1067.1
Mortality,Black,Male,2012,,1058.6
Mortality,Black,Male,2013,,1052.8
Mortality,White,Both Sexes,1900,,2501.2
Mortality,White,Both Sexes,1901,,2456.2
Mortality,White,Both Sexes,1902,,2284.3
Mortality,White,Both Sexes,1903,,2359.8
Mortality,White,Both Sexes,1904,,2481.9
Mortality,White,Both Sexes,1905,,2404.1
Mortality,White,Both Sexes,1906,,2374.8
Mortality,White,Both Sexes,1907,,2470.8
Mortality,White,Both Sexes,1908,,2278.1
Mortality,White,Both Sexes,1909,,2228.5
Mortality,White,Both Sexes,1910,,2299.4
Mortality,White,Both Sexes,1911,,2221.3
Mortality,White,Both Sexes,1912,,2187.9
Mortality,White,Both Sexes,1913,,2176.7
Mortality,White,Both Sexes,1914,,2116.8
Mortality,White,Both Sexes,1915,,2139.4
Mortality,White,Both Sexes,1916,,2223.9
Mortality,White,Both Sexes,1917,,2221.5
Mortality,White,Both Sexes,1918,,2477.7
Mortality,White,Both Sexes,1919,,2005.6
Mortality,White,Both Sexes,1920,,2096.3
Mortality,White,Both Sexes,1921,,1914.9
Mortality,White,Both Sexes,1922,,2004.4
Mortality,White,Both Sexes,1923,,2087.0
Mortality,White,Both Sexes,1924,,1968.7
Mortality,White,Both Sexes,1925,,1999.1
Mortality,White,Both Sexes,1926,,2078.8
Mortality,White,Both Sexes,1927,,1925.6
Mortality,White,Both Sexes,1928,,2053.0
Mortality,White,Both Sexes,1929,,2006.8
Mortality,White,Both Sexes,1930,,1870.7
Mortality,White,Both Sexes,1931,,1832.5
Mortality,White,Both Sexes,1932,,1845.1
Mortality,White,Both Sexes,1933,,1800.5
Mortality,White,Both Sexes,1934,,1834.0
Mortality,White,Both Sexes,1935,,1809.9
Mortality,White,Both Sexes,1936,,1906.6
Mortality,White,Both Sexes,1937,,1829.1
Mortality,White,Both Sexes,1938,,1714.8
Mortality,White,Both Sexes,1939,,1724.0
Mortality,White,Both Sexes,1940,,1735.3
Mortality,White,Both Sexes,1941,,1645.0
Mortality,White,Both Sexes,1942,,1594.8
Mortality,White,Both Sexes,1943,,1665.8
Mortality,White,Both Sexes,1944,,1582.8
Mortality,White,Both Sexes,1945,,1544.3
Mortality,White,Both Sexes,1946,,1505.0
Mortality,White,Both Sexes,1947,,1503.5
Mortality,White,Both Sexes,1948,,1469.9
Mortality,White,Both Sexes,1949,,1424.3
Mortality,White,Both Sexes,1950,,1410.8
Mortality,White,Both Sexes,1951,,1391.0
Mortality,White,Both Sexes,1952,,1361.7
Mortality,White,Both Sexes,1953,,1354.6
Mortality,White,Both Sexes,1954,,1288.6
Mortality,White,Both Sexes,1955,,1308.3
Mortality,White,Both Sexes,1956,,1309.0
Mortality,White,Both Sexes,1957,,1328.7
Mortality,White,Both Sexes,1958,,1316.3
Mortality,White,Both Sexes,1959,,1291.9
Mortality,White,Both Sexes,1960,,1311.3
Mortality,White,Both Sexes,1961,,1272.2
Mortality,White,Both Sexes,1962,,1292.4
Mortality,White,Both Sexes,1963,,1312.5
Mortality,White,Both Sexes,1964,,1275.2
Mortality,White,Both Sexes,1965,,1278.3
Mortality,White,Both Sexes,1966,,1278.7
Mortality,White,Both Sexes,1967,,1246.4
Mortality,White,Both Sexes,1968,,1271.4
Mortality,White,Both Sexes,1969,,1240.2
Mortality,White,Both Sexes,1970,,1193.3
Mortality,White,Both Sexes,1971,,1183.8
Mortality,White,Both Sexes,1972,,1185.3
Mortality,White,Both Sexes,1973,,1171.5
Mortality,White,Both Sexes,1974,,1125.2
Mortality,White,Both Sexes,1975,,1069.4
Mortality,White,Both Sexes,1976,,1060.0
Mortality,White,Both Sexes,1977,,1027.1
Mortality,White,Both Sexes,1978,,1020.1
Mortality,White,Both Sexes,1979,,986.8
Mortality,White,Both Sexes,1980,,1012.5
Mortality,White,Both Sexes,1981,,984.0
Mortality,White,Both Sexes,1982,,963.5
Mortality,White,Both Sexes,1983,,967.4
Mortality,White,Both Sexes,1984,,959.4
Mortality,White,Both Sexes,1985,,963.4
Mortality,White,Both Sexes,1986,,952.8
Mortality,White,Both Sexes,1987,,943.2
Mortality,White,Both Sexes,1988,,947.2
Mortality,White,Both Sexes,1989,,919.8
Mortality,White,Both Sexes,1990,,909.2
Mortality,White,Both Sexes,1991,,893.0
Mortality,White,Both Sexes,1992,,877.5
Mortality,White,Both Sexes,1993,,896.8
Mortality,White,Both Sexes,1994,,885.3
Mortality,White,Both Sexes,1995,,882.0
Mortality,White,Both Sexes,1996,,868.7
Mortality,White,Both Sexes,1997,,855.4
Mortality,White,Both Sexes,1998,,848.9
Mortality,White,Both Sexes,1999,,854.6
Mortality,White,Both Sexes,2000,,849.8
Mortality,White,Both Sexes,2001,,840.7
Mortality,White,Both Sexes,2002,,839.0
Mortality,White,Both Sexes,2003,,827.1
Mortality,White,Both Sexes,2004,,798.5
Mortality,White,Both Sexes,2005,,801.1
Mortality,White,Both Sexes,2006,,779.3
Mortality,White,Both Sexes,2007,,764.3
Mortality,White,Both Sexes,2008,,767.2
Mortality,White,Both Sexes,2009,,742.8
Mortality,White,Both Sexes,2010,,741.8
Mortality,White,Both Sexes,2011,,738.8
Mortality,White,Both Sexes,2012,,730.9
Mortality,White,Both Sexes,2013,,731.0
Mortality,White,Female,1900,,2394.0
Mortality,White,Female,1901,,2334.7
Mortality,White,Female,1902,,2146.4
Mortality,White,Female,1903,,2231.5
Mortality,White,Female,1904,,2339.7
Mortality,White,Female,1905,,2269.0
Mortality,White,Female,1906,,2220.8
Mortality,White,Female,1907,,2303.8
Mortality,White,Female,1908,,2141.8
Mortality,White,Female,1909,,2092.1
Mortality,White,Female,1910,,2154.0
Mortality,White,Female,1911,,2088.3
Mortality,White,Female,1912,,2045.1
Mortality,White,Female,1913,,2027.6
Mortality,White,Female,1914,,1976.1
Mortality,White,Female,1915,,2008.4
Mortality,White,Female,1916,,2078.3
Mortality,White,Female,1917,,2063.3
Mortality,White,Female,1918,,2274.9
Mortality,White,Female,1919,,1915.1
Mortality,White,Female,1920,,2025.9
Mortality,White,Female,1921,,1842.3
Mortality,White,Female,1922,,1917.7
Mortality,White,Female,1923,,1995.9
Mortality,White,Female,1924,,1860.6
Mortality,White,Female,1925,,1890.5
Mortality,White,Female,1926,,1963.8
Mortality,White,Female,1927,,1800.4
Mortality,White,Female,1928,,1920.2
Mortality,White,Female,1929,,1869.9
Mortality,White,Female,1930,,1726.6
Mortality,White,Female,1931,,1681.8
Mortality,White,Female,1932,,1707.3
Mortality,White,Female,1933,,1649.4
Mortality,White,Female,1934,,1668.1
Mortality,White,Female,1935,,1642.0
Mortality,White,Female,1936,,1727.4
Mortality,White,Female,1937,,1644.3
Mortality,White,Female,1938,,1549.4
Mortality,White,Female,1939,,1556.8
Mortality,White,Female,1940,,1550.4
Mortality,White,Female,1941,,1453.2
Mortality,White,Female,1942,,1403.6
Mortality,White,Female,1943,,1469.1
Mortality,White,Female,1944,,1391.1
Mortality,White,Female,1945,,1344.7
Mortality,White,Female,1946,,1315.2
Mortality,White,Female,1947,,1301.6
Mortality,White,Female,1948,,1263.7
Mortality,White,Female,1949,,1217.3
Mortality,White,Female,1950,,1198.0
Mortality,White,Female,1951,,1179.1
Mortality,White,Female,1952,,1153.3
Mortality,White,Female,1953,,1141.0
Mortality,White,Female,1954,,1081.8
Mortality,White,Female,1955,,1095.4
Mortality,White,Female,1956,,1089.9
Mortality,White,Female,1957,,1104.1
Mortality,White,Female,1958,,1090.8
Mortality,White,Female,1959,,1065.3
Mortality,White,Female,1960,,1074.4
Mortality,White,Female,1961,,1038.8
Mortality,White,Female,1962,,1052.6
Mortality,White,Female,1963,,1062.6
Mortality,White,Female,1964,,1030.9
Mortality,White,Female,1965,,1026.7
Mortality,White,Female,1966,,1024.7
Mortality,White,Female,1967,,992.9
Mortality,White,Female,1968,,1012.2
Mortality,White,Female,1969,,984.2
Mortality,White,Female,1970,,944.0
Mortality,White,Female,1971,,933.4
Mortality,White,Female,1972,,932.9
Mortality,White,Female,1973,,921.4
Mortality,White,Female,1974,,884.2
Mortality,White,Female,1975,,834.1
Mortality,White,Female,1976,,828.9
Mortality,White,Female,1977,,799.7
Mortality,White,Female,1978,,796.6
Mortality,White,Female,1979,,770.1
Mortality,White,Female,1980,,796.0
Mortality,White,Female,1981,,773.6
Mortality,White,Female,1982,,758.6
Mortality,White,Female,1983,,764.1
Mortality,White,Female,1984,,760.5
Mortality,White,Female,1985,,764.2
Mortality,White,Female,1986,,758.0
Mortality,White,Female,1987,,753.2
Mortality,White,Female,1988,,758.7
Mortality,White,Female,1989,,738.3
Mortality,White,Female,1990,,728.3
Mortality,White,Female,1991,,715.9
Mortality,White,Female,1992,,703.9
Mortality,White,Female,1993,,723.9
Mortality,White,Female,1994,,717.3
Mortality,White,Female,1995,,718.4
Mortality,White,Female,1996,,713.3
Mortality,White,Female,1997,,707.5
Mortality,White,Female,1998,,706.9
Mortality,White,Female,1999,,716.6
Mortality,White,Female,2000,,715.3
Mortality,White,Female,2001,,710.4
Mortality,White,Female,2002,,709.3
Mortality,White,Female,2003,,701.6
Mortality,White,Female,2004,,677.7
Mortality,White,Female,2005,,680.9
Mortality,White,Female,2006,,662.3
Mortality,White,Female,2007,,649.4
Mortality,White,Female,2008,,653.7
Mortality,White,Female,2009,,631.3
Mortality,White,Female,2010,,630.8
Mortality,White,Female,2011,,630.3
Mortality,White,Female,2012,,623.8
Mortality,White,Female,2013,,623.6
Mortality,White,Male,1900,,2613.2
Mortality,White,Male,1901,,2582.3
Mortality,White,Male,1902,,2430.1
Mortality,White,Male,1903,,2494.2
Mortality,White,Male,1904,,2630.5
Mortality,White,Male,1905,,2544.7
Mortality,White,Male,1906,,2529.3
Mortality,White,Male,1907,,2637.0
Mortality,White,Male,1908,,2412.3
Mortality,White,Male,1909,,2363.8
Mortality,White,Male,1910,,2441.9
Mortality,White,Male,1911,,2350.3
Mortality,White,Male,1912,,2327.5
Mortality,White,Male,1913,,2322.1
Mortality,White,Male,1914,,2254.1
Mortality,White,Male,1915,,2267.8
Mortality,White,Male,1916,,2365.6
Mortality,White,Male,1917,,2375.9
Mortality,White,Male,1918,,2680.7
Mortality,White,Male,1919,,2096.0
Mortality,White,Male,1920,,2166.6
Mortality,White,Male,1921,,1986.2
Mortality,White,Male,1922,,2088.2
Mortality,White,Male,1923,,2174.2
Mortality,White,Male,1924,,2073.7
Mortality,White,Male,1925,,2104.4
Mortality,White,Male,1926,,2190.6
Mortality,White,Male,1927,,2048.6
Mortality,White,Male,1928,,2182.8
Mortality,White,Male,1929,,2141.2
Mortality,White,Male,1930,,2013.8
Mortality,White,Male,1931,,1983.6
Mortality,White,Male,1932,,1982.9
Mortality,White,Male,1933,,1952.2
Mortality,White,Male,1934,,2000.7
Mortality,White,Male,1935,,1979.3
Mortality,White,Male,1936,,2087.0
Mortality,White,Male,1937,,2016.5
Mortality,White,Male,1938,,1882.7
Mortality,White,Male,1939,,1894.4
Mortality,White,Male,1940,,1925.2
Mortality,White,Male,1941,,1844.1
Mortality,White,Male,1942,,1793.7
Mortality,White,Male,1943,,1872.9
Mortality,White,Male,1944,,1788.0
Mortality,White,Male,1945,,1761.6
Mortality,White,Male,1946,,1706.1
Mortality,White,Male,1947,,1718.6
Mortality,White,Male,1948,,1691.2
Mortality,White,Male,1949,,1647.8
Mortality,White,Male,1950,,1642.5
Mortality,White,Male,1951,,1621.7
Mortality,White,Male,1952,,1588.5
Mortality,White,Male,1953,,1589.0
Mortality,White,Male,1954,,1516.3
Mortality,White,Male,1955,,1544.7
Mortality,White,Male,1956,,1554.4
Mortality,White,Male,1957,,1581.7
Mortality,White,Male,1958,,1573.1
Mortality,White,Male,1959,,1552.1
Mortality,White,Male,1960,,1586.0
Mortality,White,Male,1961,,1547.3
Mortality,White,Male,1962,,1579.1
Mortality,White,Male,1963,,1614.7
Mortality,White,Male,1964,,1572.0
Mortality,White,Male,1965,,1589.9
Mortality,White,Male,1966,,1595.7
Mortality,White,Male,1967,,1566.9
Mortality,White,Male,1968,,1602.7
Mortality,White,Male,1969,,1570.4
Mortality,White,Male,1970,,1513.7
Mortality,White,Male,1971,,1514.4
Mortality,White,Male,1972,,1520.2
Mortality,White,Male,1973,,1507.2
Mortality,White,Male,1974,,1450.8
Mortality,White,Male,1975,,1391.1
Mortality,White,Male,1976,,1379.5
Mortality,White,Male,1977,,1343.5
Mortality,White,Male,1978,,1332.5
Mortality,White,Male,1979,,1289.5
Mortality,White,Male,1980,,1317.4
Mortality,White,Male,1981,,1282.4
Mortality,White,Male,1982,,1255.9
Mortality,White,Male,1983,,1259.8
Mortality,White,Male,1984,,1245.5
Mortality,White,Male,1985,,1249.5
Mortality,White,Male,1986,,1230.5
Mortality,White,Male,1987,,1213.1
Mortality,White,Male,1988,,1215.5
Mortality,White,Male,1989,,1176.0
Mortality,White,Male,1990,,1165.3
Mortality,White,Male,1991,,1142.8
Mortality,White,Male,1992,,1122.2
Mortality,White,Male,1993,,1138.7
Mortality,White,Male,1994,,1118.4
Mortality,White,Male,1995,,1107.2
Mortality,White,Male,1996,,1082.5
Mortality,White,Male,1997,,1058.7
Mortality,White,Male,1998,,1041.6
Mortality,White,Male,1999,,1040.1
Mortality,White,Male,2000,,1029.4
Mortality,White,Male,2001,,1012.1
Mortality,White,Male,2002,,1009.0
Mortality,White,Male,2003,,988.8
Mortality,White,Male,2004,,953.2
Mortality,White,Male,2005,,952.9
Mortality,White,Male,2006,,925.8
Mortality,White,Male,2007,,907.1
Mortality,White,Male,2008,,907.1
Mortality,White,Male,2009,,880.5
Mortality,White,Male,2010,,878.5
Mortality,White,Male,2011,,870.2
Mortality,White,Male,2012,,860.0
Mortality,White,Male,2013,,859.2
