"Year","Month","Label","Business_Services","Construction","Education_And_Health","Finance","Goods_Producing","Information","Leasure_And_Hospitality","Manufacturing","Mining_Logging","Oil_Gas_Extraction","Other","Retail","Temporary_Help","Transportation"
1940,1,"1940 Jan",2029,1121,1433,1409,11973,1183,1936,9927,925,NA,564,3232.7,NA,NA
1940,2,"1940 Feb",2037,1178,1440,1415,12023,1186,1945,9916,929,NA,566,3249.9,NA,NA
1940,3,"1940 Mar",2042,1214,1447,1416,12024,1182,1993,9884,926,NA,569,3336.9,NA,NA
1940,4,"1940 Apr",2045,1276,1455,1419,12013,1174,1965,9817,920,NA,572,3276.9,NA,NA
1940,5,"1940 May",2051,1298,1460,1421,12038,1178,1979,9810,930,NA,574,3302.8,NA,NA
1940,6,"1940 Jun",2056,1290,1465,1423,12040,1178,1995,9832,918,NA,576,3324.3,NA,NA
1940,7,"1940 Jul",2059,1272,1469,1423,11958,1178,1988,9766,920,NA,578,3318,NA,NA
1940,8,"1940 Aug",2077,1286,1478,1427,12257,1191,2000,10048,923,NA,581,3330.7,NA,NA
1940,9,"1940 Sep",2095,1379,1487,1428,12565,1205,2023,10258,928,NA,585,3365.4,NA,NA
1940,10,"1940 Oct",2111,1506,1496,1432,12909,1222,2023,10471,932,NA,588,3369.3,NA,NA
1940,11,"1940 Nov",2126,1627,1501,1436,13206,1231,2025,10643,936,NA,590,3379,NA,NA
1940,12,"1940 Dec",2144,1777,1507,1436,13563,1241,2056,10847,939,NA,593,3410.3,NA,NA
1941,1,"1941 Jan",2160,1833,1516,1438,13771,1253,2045,10993,945,NA,596,3407.8,NA,NA
1941,2,"1941 Feb",2180,1820,1526,1439,13982,1267,2061,11211,951,NA,600,3435.8,NA,NA
1941,3,"1941 Mar",2198,1739,1536,1444,14109,1284,2074,11409,961,NA,604,3458,NA,NA
1941,4,"1941 Apr",2222,1772,1551,1458,14151,1305,2138,11698,681,NA,609,3568.1,NA,NA
1941,5,"1941 May",2248,1784,1558,1460,14720,1327,2110,11957,979,NA,613,3519,NA,NA
1941,6,"1941 Jun",2267,1791,1563,1468,14985,1345,2133,12204,990,NA,615,3559.4,NA,NA
1941,7,"1941 Jul",2290,1881,1575,1475,15264,1363,2151,12382,1001,NA,619,3592.7,NA,NA
1941,8,"1941 Aug",2306,1918,1583,1478,15463,1376,2172,12532,1013,NA,623,3623.3,NA,NA
1941,9,"1941 Sep",2315,1939,1587,1482,15642,1386,2175,12683,1020,NA,624,3631.8,NA,NA
1941,10,"1941 Oct",2324,1935,1594,1482,15727,1396,2165,12770,1022,NA,627,3614.3,NA,NA
1941,11,"1941 Nov",2333,1915,1601,1481,15746,1399,2165,12810,1021,NA,629,3614.5,NA,NA
1941,12,"1941 Dec",2340,1903,1606,1481,15803,1401,2165,12876,1024,NA,632,3605.8,NA,NA
1942,1,"1942 Jan",2351,1914,1611,1485,15908,1408,2161,12965,1029,NA,634,3591.8,NA,NA
1942,2,"1942 Feb",2355,1900,1608,1480,16048,1415,2154,13127,1021,NA,632,3578.7,NA,NA
1942,3,"1942 Mar",2366,2042,1615,1478,16367,1426,2149,13311,1014,NA,635,3566.3,NA,NA
1942,4,"1942 Apr",2383,2170,1623,1468,16701,1440,2141,13509,1022,NA,637,3539.7,NA,NA
1942,5,"1942 May",2393,2271,1626,1460,17000,1450,2137,13704,1025,NA,639,3535.1,NA,NA
1942,6,"1942 Jun",2401,2380,1632,1453,17241,1457,2123,13842,1019,NA,641,3502.4,NA,NA
1942,7,"1942 Jul",2417,2494,1640,1446,17584,1471,2118,14072,1018,NA,644,3490.1,NA,NA
1942,8,"1942 Aug",2431,2478,1644,1441,17828,1486,2124,14339,1011,NA,646,3493.8,NA,NA
1942,9,"1942 Sep",2439,2433,1647,1440,18017,1500,2118,14582,1002,NA,647,3492.8,NA,NA
1942,10,"1942 Oct",2452,2352,1649,1439,18118,1514,2132,14772,994,NA,647,3508,NA,NA
1942,11,"1942 Nov",2458,2260,1645,1434,18220,1527,2126,14971,989,NA,646,3498,NA,NA
1942,12,"1942 Dec",2471,2136,1645,1432,18408,1547,2118,15288,984,NA,646,3479,NA,NA
1943,1,"1943 Jan",2487,2064,1649,1427,18570,1562,2115,15532,974,NA,648,3472.6,NA,NA
1943,2,"1943 Feb",2500,2022,1653,1427,18685,1570,2113,15685,978,NA,649,3465.5,NA,NA
1943,3,"1943 Mar",2504,1954,1655,1426,18783,1582,2112,15856,973,NA,650,3465,NA,NA
1943,4,"1943 Apr",2508,1854,1655,1432,18783,1590,2139,15961,968,NA,650,3503.9,NA,NA
1943,5,"1943 May",2510,1737,1656,1435,18739,1594,2118,16044,958,NA,651,3474.1,NA,NA
1943,6,"1943 Jun",2518,1639,1658,1446,18800,1606,2128,16204,957,NA,651,3494.5,NA,NA
1943,7,"1943 Jul",2521,1516,1658,1435,18776,1614,2125,16306,954,NA,651,3489.4,NA,NA
1943,8,"1943 Aug",2521,1433,1658,1428,18749,1618,2122,16369,947,NA,651,3480.8,NA,NA
1943,9,"1943 Sep",2519,1357,1663,1430,18673,1619,2115,16366,950,NA,653,3478.1,NA,NA
1943,10,"1943 Oct",2535,1334,1666,1427,18796,1631,2133,16512,950,NA,654,3491.8,NA,NA
1943,11,"1943 Nov",2547,1320,1671,1429,18861,1640,2142,16598,943,NA,656,3507.7,NA,NA
1943,12,"1943 Dec",2545,1316,1674,1431,18792,1640,2112,16526,950,NA,657,3448.3,NA,NA
1944,1,"1944 Jan",2542,1323,1661,1426,18709,1641,2139,16439,947,NA,654,3506.4,NA,NA
1944,2,"1944 Feb",2551,1300,1668,1425,18578,1645,2142,16330,948,NA,654,3506.5,NA,NA
1944,3,"1944 Mar",2536,1237,1670,1423,18349,1643,2138,16170,942,NA,655,3507.4,NA,NA
1944,4,"1944 Apr",2529,1172,1667,1419,18124,1640,2138,16012,940,NA,653,3496.4,NA,NA
1944,5,"1944 May",2525,1149,1666,1416,18031,1639,2135,15944,938,NA,653,3504.5,NA,NA
1944,6,"1944 Jun",2525,1123,1671,1423,17947,1637,2136,15890,934,NA,655,3507.6,NA,NA
1944,7,"1944 Jul",2519,1103,1668,1409,17860,1633,2145,15832,925,NA,653,3527.4,NA,NA
1944,8,"1944 Aug",2516,1081,1669,1403,17784,1631,2149,15781,922,NA,653,3532.4,NA,NA
1944,9,"1944 Sep",2504,1036,1667,1407,17612,1626,2139,15662,914,NA,653,3528.9,NA,NA
1944,10,"1944 Oct",2509,1085,1665,1406,17621,1622,2154,15630,906,NA,652,3540,NA,NA
1944,11,"1944 Nov",2513,1095,1667,1406,17564,1625,2159,15568,901,NA,653,3544,NA,NA
1944,12,"1944 Dec",2514,1113,1668,1405,17666,1634,2135,15659,894,NA,653,3495.7,NA,NA
1945,1,"1945 Jan",2518,1143,1659,1407,17705,1631,2170,15669,893,NA,652,3572,NA,NA
1945,2,"1945 Feb",2529,1191,1667,1405,17664,1634,2179,15581,892,NA,653,3581.4,NA,NA
1945,3,"1945 Mar",2514,1179,1666,1404,17542,1636,2188,15473,890,NA,652,3611.9,NA,NA
1945,4,"1945 Apr",2507,1148,1666,1403,17338,1628,2147,15335,855,NA,652,3520.3,NA,NA
1945,5,"1945 May",2501,1138,1666,1407,17159,1620,2166,15201,820,NA,652,3574.7,NA,NA
1945,6,"1945 Jun",2501,1133,1681,1416,16959,1609,2171,14948,878,NA,658,3580.8,NA,NA
1945,7,"1945 Jul",2500,1144,1692,1428,16611,1596,2182,14599,868,NA,662,3600,NA,NA
1945,8,"1945 Aug",2495,1159,1706,1437,16223,1576,2194,14201,863,NA,667,3612.9,NA,NA
1945,9,"1945 Sep",2429,1143,1711,1449,14486,1498,2215,12486,857,NA,668,3664.3,NA,NA
1945,10,"1945 Oct",2453,1231,1733,1463,14513,1499,2242,12487,795,NA,677,3695.2,NA,NA
1945,11,"1945 Nov",2487,1291,1753,1483,14699,1517,2274,12537,871,NA,684,3742,NA,NA
1945,12,"1945 Dec",2502,1336,1773,1505,14744,1529,2264,12528,880,NA,692,3721.9,NA,NA
1946,1,"1946 Jan",2551,1421,1797,1540,15031,1543,2350,12719,891,NA,705,3879.6,NA,NA
1946,2,"1946 Feb",2545,1501,1819,1560,14308,1512,2392,11922,885,NA,710,3945,NA,NA
1946,3,"1946 Mar",2581,1581,1839,1582,15017,1553,2413,12545,891,NA,718,3994,NA,NA
1946,4,"1946 Apr",2620,1639,1857,1599,15439,1582,2458,13200,600,NA,726,4064.1,NA,NA
1946,5,"1946 May",2637,1679,1869,1615,15875,1575,2461,13389,807,NA,731,4079.3,NA,NA
1946,6,"1946 Jun",2656,1697,1880,1625,16206,1583,2477,13598,911,NA,735,4109.7,NA,NA
1946,7,"1946 Jul",2677,1761,1886,1630,16461,1600,2496,13771,929,NA,738,4144.3,NA,NA
1946,8,"1946 Aug",2704,1808,1904,1638,16728,1618,2535,13981,939,NA,745,4201.6,NA,NA
1946,9,"1946 Sep",2728,1836,1932,1646,16912,1625,2536,14135,941,NA,756,4208.8,NA,NA
1946,10,"1946 Oct",2744,1875,1933,1658,17002,1636,2545,14182,945,NA,756,4222.4,NA,NA
1946,11,"1946 Nov",2765,1901,1945,1666,17157,1646,2579,14310,946,NA,761,4281.8,NA,NA
1946,12,"1946 Dec",2765,1931,1956,1668,17164,1646,2564,14301,932,NA,765,4265,NA,NA
1947,1,"1947 Jan",2796,1927,1976,1648,17213,1653,2587,14328,958,NA,775,4281.1,NA,NA
1947,2,"1947 Feb",2806,1960,1986,1647,17200,1652,2600,14278,962,NA,777,4294.9,NA,NA
1947,3,"1947 Mar",2803,1972,1992,1649,17196,1662,2612,14259,965,NA,778,4324.5,NA,NA
1947,4,"1947 Apr",2797,1992,1997,1657,17178,1631,2620,14240,946,NA,781,4332.4,NA,NA
1947,5,"1947 May",2809,2015,2005,1661,17176,1643,2637,14189,972,NA,783,4367.4,NA,NA
1947,6,"1947 Jun",2820,2076,2013,1663,17253,1657,2649,14200,977,NA,786,4389.9,NA,NA
1947,7,"1947 Jul",2824,2077,2020,1680,17106,1654,2659,14076,953,NA,789,4409.5,NA,NA
1947,8,"1947 Aug",2832,2095,2024,1682,17280,1659,2666,14200,985,NA,791,4415.2,NA,NA
1947,9,"1947 Sep",2843,2094,2030,1689,17398,1665,2673,14315,989,NA,793,4439.4,NA,NA
1947,10,"1947 Oct",2860,2109,2039,1694,17499,1667,2690,14393,997,NA,797,4469.1,NA,NA
1947,11,"1947 Nov",2865,2101,2044,1701,17517,1668,2697,14414,1002,NA,799,4478.9,NA,NA
1947,12,"1947 Dec",2866,2130,2049,1707,17563,1679,2695,14428,1005,NA,801,4480.9,NA,NA
1948,1,"1948 Jan",2874,2179,2047,1714,17625,1669,2704,14438,1008,NA,802,4489.9,NA,NA
1948,2,"1948 Feb",2874,2105,2051,1722,17447,1670,2706,14339,1003,NA,802,4488.2,NA,NA
1948,3,"1948 Mar",2878,2163,2058,1727,17544,1678,2713,14364,1017,NA,804,4500.9,NA,NA
1948,4,"1948 Apr",2871,2202,2069,1732,17302,1653,2697,14183,917,NA,809,4466.8,NA,NA
1948,5,"1948 May",2889,2245,2074,1737,17508,1664,2720,14235,1028,NA,811,4510.5,NA,NA
1948,6,"1948 Jun",2897,2280,2082,1747,17633,1670,2729,14318,1035,NA,814,4529,NA,NA
1948,7,"1948 Jul",2905,2284,2084,1753,17649,1677,2736,14359,1006,NA,815,4543,NA,NA
1948,8,"1948 Aug",2903,2269,2088,1753,17655,1670,2739,14353,1033,NA,816,4543.9,NA,NA
1948,9,"1948 Sep",2910,2264,2090,1758,17741,1671,2736,14441,1036,NA,817,4544.2,NA,NA
1948,10,"1948 Oct",2909,2263,2087,1749,17683,1670,2735,14390,1030,NA,816,4544.4,NA,NA
1948,11,"1948 Nov",2903,2280,2088,1752,17599,1663,2737,14292,1027,NA,816,4548.2,NA,NA
1948,12,"1948 Dec",2897,2306,2096,1754,17417,1662,2743,14086,1025,NA,819,4552.1,NA,NA
1949,1,"1949 Jan",2881,2292,2080,1756,17170,1638,2730,13867,1011,NA,815,4535.1,NA,NA
1949,2,"1949 Feb",2876,2275,2088,1755,17019,1628,2734,13734,1010,NA,817,4535.9,NA,NA
1949,3,"1949 Mar",2860,2264,2083,1759,16848,1612,2727,13581,1003,NA,815,4519.9,NA,NA
1949,4,"1949 Apr",2863,2243,2092,1760,16685,1604,2760,13439,1003,NA,818,4581.2,NA,NA
1949,5,"1949 May",2861,2232,2097,1761,16492,1596,2735,13269,991,NA,820,4531.2,NA,NA
1949,6,"1949 Jun",2850,2197,2095,1760,16351,1585,2725,13178,976,NA,819,4516.4,NA,NA
1949,7,"1949 Jul",2845,2202,2098,1762,16222,1572,2718,13067,953,NA,821,4500.1,NA,NA
1949,8,"1949 Aug",2841,2208,2098,1765,16327,1565,2715,13158,961,NA,820,4495,NA,NA
1949,9,"1949 Sep",2853,2223,2104,1779,16403,1564,2729,13225,955,NA,823,4519.3,NA,NA
1949,10,"1949 Oct",2826,2218,2106,1778,15739,1532,2719,12891,630,NA,824,4498.9,NA,NA
1949,11,"1949 Nov",2836,2229,2109,1784,16040,1540,2715,12882,929,NA,825,4486.8,NA,NA
1949,12,"1949 Dec",2845,2207,2113,1788,16217,1558,2735,13062,948,NA,826,4509.7,NA,NA
1950,1,"1950 Jan",2849,2216,2105,1793,16255,1562,2717,13161,878,NA,824,4497.5,NA,NA
1950,2,"1950 Feb",2843,2228,2114,1799,16035,1559,2720,13169,638,NA,827,4498.6,NA,NA
1950,3,"1950 Mar",2860,2241,2113,1804,16482,1570,2727,13290,951,NA,827,4503,NA,NA
1950,4,"1950 Apr",2885,2293,2127,1810,16718,1587,2740,13471,954,NA,833,4523.3,NA,NA
1950,5,"1950 May",2902,2345,2135,1818,17080,1586,2751,13780,955,NA,836,4547,NA,NA
1950,6,"1950 Jun",2925,2408,2143,1822,17288,1619,2765,13923,957,NA,839,4572.3,NA,NA
1950,7,"1950 Jul",2940,2454,2150,1825,17464,1634,2777,14072,938,NA,841,4595.4,NA,NA
1950,8,"1950 Aug",2964,2491,2159,1833,17917,1658,2801,14461,965,NA,845,4638.9,NA,NA
1950,9,"1950 Sep",2979,2512,2161,1844,18040,1670,2801,14561,967,NA,846,4640.1,NA,NA
1950,10,"1950 Oct",2992,2546,2166,1843,18249,1681,2803,14737,966,NA,848,4641.2,NA,NA
1950,11,"1950 Nov",2996,2564,2171,1847,18288,1684,2807,14762,962,NA,850,4645,NA,NA
1950,12,"1950 Dec",2998,2542,2178,1852,18283,1689,2818,14782,959,NA,853,4652.8,NA,NA
1951,1,"1951 Jan",3023,2609,2187,1857,18518,1701,2838,14950,959,NA,857,4697.9,NA,NA
1951,2,"1951 Feb",3034,2628,2195,1864,18666,1713,2853,15076,962,NA,859,4724.8,NA,NA
1951,3,"1951 Mar",3048,2670,2204,1869,18754,1722,2894,15125,959,NA,863,4786.3,NA,NA
1951,4,"1951 Apr",3053,2696,2208,1873,18810,1726,2828,15166,948,NA,864,4665,NA,NA
1951,5,"1951 May",3060,2711,2212,1879,18829,1723,2873,15164,954,NA,866,4758,NA,NA
1951,6,"1951 Jun",3066,2692,2219,1886,18826,1725,2880,15176,958,NA,869,4768.2,NA,NA
1951,7,"1951 Jul",3069,2692,2226,1892,18747,1722,2883,15110,945,NA,871,4772,NA,NA
1951,8,"1951 Aug",3070,2689,2235,1899,18709,1717,2888,15061,959,NA,875,4775.9,NA,NA
1951,9,"1951 Sep",3068,2674,2233,1906,18622,1714,2887,14996,952,NA,874,4774.9,NA,NA
1951,10,"1951 Oct",3073,2699,2238,1906,18630,1713,2887,14973,958,NA,876,4774.6,NA,NA
1951,11,"1951 Nov",3082,2660,2244,1921,18617,1718,2898,14999,958,NA,879,4794.8,NA,NA
1951,12,"1951 Dec",3083,2696,2248,1925,18698,1721,2904,15045,957,NA,880,4799.8,NA,NA
1952,1,"1952 Jan",3099,2694,2257,1925,18719,1726,2906,15067,958,NA,884,4805.5,NA,NA
1952,2,"1952 Feb",3107,2754,2267,1936,18813,1731,2912,15105,954,NA,888,4813.9,NA,NA
1952,3,"1952 Mar",3108,2691,2266,1944,18775,1732,2905,15127,957,NA,888,4794.6,NA,NA
1952,4,"1952 Apr",3111,2688,2270,1952,18806,1724,2927,15162,956,NA,889,4832.8,NA,NA
1952,5,"1952 May",3121,2687,2277,1957,18784,1728,2933,15143,954,NA,892,4850.7,NA,NA
1952,6,"1952 Jun",3107,2717,2277,1961,18419,1713,2939,14828,874,NA,892,4864.5,NA,NA
1952,7,"1952 Jul",3099,2713,2280,1971,18268,1695,2949,14707,848,NA,893,4882.3,NA,NA
1952,8,"1952 Aug",3130,2718,2286,1973,18928,1731,2958,15279,931,NA,896,4896.4,NA,NA
1952,9,"1952 Sep",3144,2723,2289,1978,19206,1747,2972,15553,930,NA,897,4922.8,NA,NA
1952,10,"1952 Oct",3158,2695,2292,1984,19312,1759,2986,15690,927,NA,898,4946.4,NA,NA
1952,11,"1952 Nov",3169,2707,2297,1990,19473,1768,2995,15843,923,NA,900,4963.8,NA,NA
1952,12,"1952 Dec",3182,2714,2306,1996,19610,1776,3005,15973,923,NA,904,4979.7,NA,NA
1953,1,"1953 Jan",3185,2728,2300,2004,19721,1778,3006,16067,926,NA,902,4980.8,NA,NA
1953,2,"1953 Feb",3195,2764,2309,2011,19841,1784,3017,16158,919,NA,906,4998.2,NA,NA
1953,3,"1953 Mar",3205,2728,2316,2016,19909,1792,3027,16270,911,NA,908,5013.2,NA,NA
1953,4,"1953 Apr",3212,2707,2322,2021,19908,1794,2999,16293,908,NA,911,4950.8,NA,NA
1953,5,"1953 May",3221,2684,2327,2026,19930,1800,3032,16341,905,NA,913,5019.7,NA,NA
1953,6,"1953 Jun",3228,2663,2335,2032,19909,1800,3036,16343,903,NA,916,5025.9,NA,NA
1953,7,"1953 Jul",3231,2657,2339,2042,19910,1802,3037,16353,900,NA,917,5025.2,NA,NA
1953,8,"1953 Aug",3230,2657,2344,2045,19834,1796,3041,16278,899,NA,919,5029.2,NA,NA
1953,9,"1953 Sep",3229,2680,2355,2048,19726,1787,3039,16151,895,NA,923,5023.7,NA,NA
1953,10,"1953 Oct",3225,2707,2354,2054,19578,1776,3047,15981,890,NA,923,5039.3,NA,NA
1953,11,"1953 Nov",3215,2701,2356,2059,19315,1761,3040,15728,886,NA,924,5024.1,NA,NA
1953,12,"1953 Dec",3207,2713,2357,2067,19173,1747,3035,15581,879,NA,924,5009,NA,NA
1954,1,"1954 Jan",3197,2651,2354,2075,18963,1733,3032,15440,872,NA,923,5008.8,NA,NA
1954,2,"1954 Feb",3191,2709,2358,2082,18880,1720,3031,15307,864,NA,925,5004.1,NA,NA
1954,3,"1954 Mar",3182,2703,2360,2089,18748,1701,3012,15197,848,NA,926,4975,NA,NA
1954,4,"1954 Apr",3187,2701,2366,2100,18602,1701,3043,15065,836,NA,928,5018.4,NA,NA
1954,5,"1954 May",3186,2680,2372,2108,18476,1693,3028,14974,822,NA,931,4991.1,NA,NA
1954,6,"1954 Jun",3189,2669,2380,2114,18400,1689,3025,14910,821,NA,934,4983.3,NA,NA
1954,7,"1954 Jul",3194,2664,2393,2119,18280,1682,3031,14799,817,NA,938,4992.7,NA,NA
1954,8,"1954 Aug",3195,2666,2397,2121,18251,1677,3033,14772,813,NA,940,4992.7,NA,NA
1954,9,"1954 Sep",3202,2661,2411,2142,18261,1678,3034,14805,795,NA,945,4989.7,NA,NA
1954,10,"1954 Oct",3204,2677,2404,2146,18321,1677,3033,14841,803,NA,944,4990.4,NA,NA
1954,11,"1954 Nov",3212,2720,2409,2154,18438,1681,3041,14913,805,NA,946,5000.5,NA,NA
1954,12,"1954 Dec",3223,2736,2417,2160,18508,1686,3060,14967,805,NA,949,5025.8,NA,NA
1955,1,"1955 Jan",3236,2769,2428,2165,18609,1693,3063,15034,806,NA,953,5038.4,NA,NA
1955,2,"1955 Feb",3246,2779,2435,2171,18726,1701,3070,15138,809,NA,956,5047.4,NA,NA
1955,3,"1955 Mar",3262,2835,2444,2181,18910,1710,3088,15258,817,NA,959,5085,NA,NA
1955,4,"1955 Apr",3278,2871,2458,2188,19067,1708,3106,15375,821,NA,965,5097.3,NA,NA
1955,5,"1955 May",3295,2903,2467,2194,19223,1725,3116,15493,827,NA,968,5121.4,NA,NA
1955,6,"1955 Jun",3314,2916,2478,2208,19331,1741,3132,15585,830,NA,973,5148.9,NA,NA
1955,7,"1955 Jul",3331,2932,2496,2220,19376,1744,3149,15614,830,NA,980,5175.1,NA,NA
1955,8,"1955 Aug",3346,2922,2509,2228,19432,1751,3162,15679,831,NA,985,5191.7,NA,NA
1955,9,"1955 Sep",3357,2921,2525,2237,19427,1753,3180,15668,838,NA,991,5224.7,NA,NA
1955,10,"1955 Oct",3377,2901,2541,2243,19482,1756,3185,15740,841,NA,997,5226.8,NA,NA
1955,11,"1955 Nov",3394,2898,2554,2248,19554,1767,3198,15813,843,NA,1002,5249,NA,NA
1955,12,"1955 Dec",3405,2903,2563,2258,19608,1771,3218,15859,846,NA,1006,5287.8,NA,NA
1956,1,"1956 Jan",3417,2933,2572,2267,19665,1774,3230,15882,850,NA,1009,5300.6,NA,NA
1956,2,"1956 Feb",3427,2986,2583,2276,19731,1777,3241,15889,856,NA,1014,5314.9,NA,NA
1956,3,"1956 Mar",3435,2999,2591,2285,19691,1777,3272,15829,863,NA,1017,5377.4,NA,NA
1956,4,"1956 Apr",3439,3033,2592,2290,19811,1783,3232,15909,869,NA,1017,5278.4,NA,NA
1956,5,"1956 May",3439,3073,2591,2296,19825,1784,3245,15893,859,NA,1017,5322.5,NA,NA
1956,6,"1956 Jun",3438,3202,2592,2300,19905,1782,3245,15835,868,NA,1017,5324.5,NA,NA
1956,7,"1956 Jul",3406,3117,2578,2303,19390,1753,3231,15468,805,NA,1012,5302.7,NA,NA
1956,8,"1956 Aug",3429,3160,2579,2315,19922,1776,3232,15893,869,NA,1014,5303.7,NA,NA
1956,9,"1956 Sep",3436,3129,2595,2308,19860,1778,3227,15863,868,NA,1018,5292,NA,NA
1956,10,"1956 Oct",3455,3113,2607,2312,19918,1784,3244,15937,868,NA,1023,5315.4,NA,NA
1956,11,"1956 Nov",3461,3105,2617,2319,19886,1783,3248,15916,865,NA,1027,5319.6,NA,NA
1956,12,"1956 Dec",3469,3106,2625,2318,19926,1787,3249,15957,863,NA,1030,5320.6,NA,NA
1957,1,"1957 Jan",3481,2996,2639,2320,19833,1788,3245,15970,867,NA,1035,5304.8,NA,NA
1957,2,"1957 Feb",3493,3065,2652,2326,19933,1791,3257,15998,870,NA,1041,5321.6,NA,NA
1957,3,"1957 Mar",3499,3073,2656,2330,19936,1796,3258,15994,869,NA,1042,5328,NA,NA
1957,4,"1957 Apr",3504,3048,2662,2333,19887,1795,3282,15970,869,NA,1044,5335.9,NA,NA
1957,5,"1957 May",3510,3035,2675,2338,19834,1792,3266,15931,868,NA,1049,5329.8,NA,NA
1957,6,"1957 Jun",3511,3035,2680,2345,19777,1786,3268,15873,869,NA,1051,5330.1,NA,NA
1957,7,"1957 Jul",3514,3011,2686,2355,19735,1785,3277,15854,870,NA,1053,5343.8,NA,NA
1957,8,"1957 Aug",3515,2986,2685,2355,19728,1787,3278,15867,875,NA,1054,5342.6,NA,NA
1957,9,"1957 Sep",3515,2971,2696,2354,19545,1779,3280,15710,864,NA,1057,5345.4,NA,NA
1957,10,"1957 Oct",3511,2965,2695,2364,19421,1768,3270,15599,857,NA,1057,5325.3,NA,NA
1957,11,"1957 Nov",3501,2945,2696,2374,19260,1753,3270,15466,849,NA,1057,5324.1,NA,NA
1957,12,"1957 Dec",3488,2935,2690,2378,19111,1740,3257,15332,844,NA,1056,5298.6,NA,NA
1958,1,"1958 Jan",3470,2925,2681,2383,18902,1722,3256,15130,847,NA,1052,5302.8,NA,NA
1958,2,"1958 Feb",3450,2792,2676,2380,18529,1704,3238,14908,829,NA,1050,5269,NA,NA
1958,3,"1958 Mar",3437,2853,2676,2378,18335,1684,3229,14670,812,NA,1050,5261.3,NA,NA
1958,4,"1958 Apr",3425,2823,2676,2379,18120,1666,3220,14506,791,NA,1050,5202,NA,NA
1958,5,"1958 May",3422,2815,2678,2385,18008,1658,3219,14414,779,NA,1051,5233.1,NA,NA
1958,6,"1958 Jun",3423,2796,2681,2381,17984,1655,3221,14408,780,NA,1052,5234.5,NA,NA
1958,7,"1958 Jul",3429,2807,2689,2380,18038,1655,3226,14450,781,NA,1055,5241.7,NA,NA
1958,8,"1958 Aug",3441,2833,2698,2385,18147,1656,3237,14524,790,NA,1060,5254.3,NA,NA
1958,9,"1958 Sep",3456,2874,2708,2390,18331,1663,3251,14658,799,NA,1063,5278.8,NA,NA
1958,10,"1958 Oct",3465,2917,2720,2395,18218,1665,3260,14503,798,NA,1067,5289.8,NA,NA
1958,11,"1958 Nov",3479,2982,2724,2396,18610,1678,3269,14827,801,NA,1068,5304.7,NA,NA
1958,12,"1958 Dec",3495,2910,2741,2402,18592,1680,3287,14877,805,NA,1075,5328.3,NA,NA
1959,1,"1959 Jan",3526,2993,2765,2418,18796,1697,3298,14998,805,NA,1085,5349,NA,NA
1959,2,"1959 Feb",3541,2980,2778,2420,18890,1703,3319,15115,795,NA,1090,5379.8,NA,NA
1959,3,"1959 Mar",3559,3013,2789,2430,19069,1713,3341,15259,797,NA,1094,5431.5,NA,NA
1959,4,"1959 Apr",3578,3085,2804,2439,19269,1722,3346,15385,799,NA,1100,5393.7,NA,NA
1959,5,"1959 May",3594,3087,2814,2447,19378,1730,3364,15487,804,NA,1104,5454.8,NA,NA
1959,6,"1959 Jun",3603,3100,2822,2454,19462,1734,3371,15554,808,NA,1107,5466.3,NA,NA
1959,7,"1959 Jul",3606,3087,2824,2460,19529,1737,3373,15623,819,NA,1108,5470,NA,NA
1959,8,"1959 Aug",3592,3085,2827,2464,19049,1710,3382,15202,762,NA,1110,5487.5,NA,NA
1959,9,"1959 Sep",3607,3051,2842,2470,19052,1715,3382,15254,747,NA,1115,5483,NA,NA
1959,10,"1959 Oct",3611,3016,2854,2477,18925,1708,3390,15158,751,NA,1119,5492.8,NA,NA
1959,11,"1959 Nov",3626,3025,2865,2483,19108,1716,3398,15300,783,NA,1124,5502.3,NA,NA
1959,12,"1959 Dec",3653,3058,2880,2491,19425,1733,3411,15573,794,NA,1130,5526.5,NA,NA
1960,1,"1960 Jan",3669,3021,2893,2496,19491,1741,3431,15687,783,NA,1135,5552.7,NA,NA
1960,2,"1960 Feb",3686,3053,2907,2506,19605,1747,3451,15765,787,NA,1140,5576.5,NA,NA
1960,3,"1960 Mar",3682,2881,2907,2513,19373,1746,3438,15707,785,NA,1140,5572.5,NA,NA
1960,4,"1960 Apr",3694,3004,2919,2520,19446,1747,3511,15654,788,NA,1145,5669.4,NA,NA
1960,5,"1960 May",3695,3021,2928,2523,19374,1739,3461,15575,778,NA,1148,5595.4,NA,NA
1960,6,"1960 Jun",3698,2999,2938,2528,19240,1734,3462,15466,775,NA,1152,5593.3,NA,NA
1960,7,"1960 Jul",3700,3002,2947,2536,19170,1730,3465,15413,755,NA,1156,5595.8,NA,NA
1960,8,"1960 Aug",3701,2973,2949,2543,19105,1724,3463,15360,772,NA,1157,5590.9,NA,NA
1960,9,"1960 Sep",3702,2959,2948,2549,19057,1720,3462,15330,768,NA,1156,5589.7,NA,NA
1960,10,"1960 Oct",3705,2956,2960,2548,18952,1714,3468,15231,765,NA,1161,5595.3,NA,NA
1960,11,"1960 Nov",3702,2936,2968,2557,18799,1705,3459,15112,751,NA,1164,5573.6,NA,NA
1960,12,"1960 Dec",3696,2862,2972,2560,18548,1691,3454,14947,739,NA,1165,5562.7,NA,NA
1961,1,"1961 Jan",3698,2909,2980,2565,18508,1688,3458,14863,736,NA,1168,5564.2,NA,NA
1961,2,"1961 Feb",3698,2888,2985,2567,18418,1682,3445,14801,729,NA,1170,5534,NA,NA
1961,3,"1961 Mar",3706,2910,2995,2567,18438,1680,3463,14802,726,NA,1174,5576.8,NA,NA
1961,4,"1961 Apr",3706,2883,2999,2573,18432,1678,3444,14825,724,NA,1176,5513.1,NA,NA
1961,5,"1961 May",3715,2866,3003,2580,18523,1683,3448,14932,725,NA,1177,5533.8,NA,NA
1961,6,"1961 Jun",3730,2907,3016,2587,18618,1687,3459,14981,730,NA,1183,5550,NA,NA
1961,7,"1961 Jul",3744,2883,3029,2592,18640,1694,3468,15029,728,NA,1188,5562.7,NA,NA
1961,8,"1961 Aug",3758,2902,3043,2599,18725,1697,3472,15093,730,NA,1193,5563.7,NA,NA
1961,9,"1961 Sep",3774,2918,3059,2604,18730,1699,3475,15080,732,NA,1199,5561.8,NA,NA
1961,10,"1961 Oct",3784,2935,3069,2608,18805,1703,3481,15143,727,NA,1203,5571,NA,NA
1961,11,"1961 Nov",3799,2941,3082,2614,18927,1709,3497,15259,727,NA,1208,5594.9,NA,NA
1961,12,"1961 Dec",3812,2951,3097,2621,18981,1710,3506,15309,721,NA,1214,5602.3,NA,NA
1962,1,"1962 Jan",3822,2892,3108,2625,18936,1712,3507,15322,722,NA,1218,5602.8,NA,NA
1962,2,"1962 Feb",3838,2975,3121,2630,19109,1717,3522,15411,723,NA,1223,5626.5,NA,NA
1962,3,"1962 Mar",3849,2941,3132,2636,19109,1721,3529,15451,717,NA,1228,5642.3,NA,NA
1962,4,"1962 Apr",3864,3018,3146,2641,19258,1725,3561,15524,716,NA,1233,5681.4,NA,NA
1962,5,"1962 May",3876,3025,3161,2649,19253,1725,3551,15513,715,NA,1238,5666,NA,NA
1962,6,"1962 Jun",3886,2960,3173,2655,19186,1724,3555,15518,708,NA,1243,5669.9,NA,NA
1962,7,"1962 Jul",3892,3025,3183,2659,19248,1720,3559,15522,701,NA,1247,5674.6,NA,NA
1962,8,"1962 Aug",3902,3027,3194,2664,19251,1722,3566,15517,707,NA,1251,5682.9,NA,NA
1962,9,"1962 Sep",3914,3033,3202,2669,19305,1724,3576,15568,704,NA,1255,5698.5,NA,NA
1962,10,"1962 Oct",3923,3031,3209,2676,19301,1731,3579,15569,701,NA,1257,5700,NA,NA
1962,11,"1962 Nov",3922,3035,3215,2683,19260,1726,3588,15530,695,NA,1260,5712.2,NA,NA
1962,12,"1962 Dec",3928,3008,3223,2688,19219,1728,3591,15520,691,NA,1263,5714.3,NA,NA
1963,1,"1963 Jan",3928,3021,3228,2696,19257,1710,3596,15545,691,NA,1265,5724.2,NA,NA
1963,2,"1963 Feb",3940,2997,3234,2702,19228,1729,3601,15542,689,NA,1268,5732.2,NA,NA
1963,3,"1963 Mar",3953,2979,3249,2709,19233,1729,3613,15564,690,NA,1273,5751.6,NA,NA
1963,4,"1963 Apr",3963,3046,3259,2715,19343,1730,3638,15602,695,NA,1277,5783.1,NA,NA
1963,5,"1963 May",3972,3061,3266,2724,19399,1734,3619,15641,697,NA,1280,5752.2,NA,NA
1963,6,"1963 Jun",3983,3060,3280,2726,19371,1736,3627,15624,687,NA,1285,5761.6,NA,NA
1963,7,"1963 Jul",3993,3088,3289,2731,19423,1739,3632,15646,689,NA,1289,5769.3,NA,NA
1963,8,"1963 Aug",4004,3099,3303,2738,19437,1738,3645,15644,694,NA,1294,5788.4,NA,NA
1963,9,"1963 Sep",4019,3110,3315,2742,19483,1741,3657,15674,699,NA,1299,5804.5,NA,NA
1963,10,"1963 Oct",4042,3104,3337,2755,19517,1747,3671,15714,699,NA,1307,5822.6,NA,NA
1963,11,"1963 Nov",4039,3083,3342,2759,19456,1741,3678,15675,698,NA,1309,5832.7,NA,NA
1963,12,"1963 Dec",4047,3082,3352,2769,19493,1743,3690,15712,699,NA,1313,5849.3,NA,NA
1964,1,"1964 Jan",4067,2996,3371,2778,19406,1747,3707,15715,695,NA,1320,5878.5,NA,NA
1964,2,"1964 Feb",4081,3132,3384,2786,19570,1750,3724,15742,696,NA,1326,5904.8,NA,NA
1964,3,"1964 Mar",4087,3125,3388,2793,19587,1751,3750,15770,692,NA,1327,5955,NA,NA
1964,4,"1964 Apr",4102,3113,3406,2801,19593,1756,3716,15785,695,NA,1334,5871.2,NA,NA
1964,5,"1964 May",4116,3125,3421,2806,19630,1758,3743,15812,693,NA,1340,5928.1,NA,NA
1964,6,"1964 Jun",4128,3147,3433,2810,19682,1759,3762,15839,696,NA,1344,5959.2,NA,NA
1964,7,"1964 Jul",4145,3157,3450,2816,19740,1767,3779,15887,696,NA,1351,5986.2,NA,NA
1964,8,"1964 Aug",4157,3166,3457,2819,19810,1771,3794,15948,696,NA,1354,6010.7,NA,NA
1964,9,"1964 Sep",4180,3171,3477,2826,19943,1779,3803,16073,699,NA,1361,6022.1,NA,NA
1964,10,"1964 Oct",4181,3200,3484,2828,19723,1772,3816,15821,702,NA,1364,6044,NA,NA
1964,11,"1964 Nov",4193,3226,3490,2833,20026,1783,3829,16096,704,NA,1366,6064.1,NA,NA
1964,12,"1964 Dec",4205,3233,3499,2837,20111,1794,3845,16176,702,NA,1369,6093,NA,NA
1965,1,"1965 Jan",4216,3231,3511,2844,20173,1783,3863,16245,697,NA,1374,6122.5,NA,NA
1965,2,"1965 Feb",4232,3225,3524,2849,20216,1796,3882,16291,700,NA,1380,6152.4,NA,NA
1965,3,"1965 Mar",4247,3241,3536,2855,20292,1805,3887,16353,698,NA,1384,6163.3,NA,NA
1965,4,"1965 Apr",4266,3200,3554,2860,20317,1810,3925,16418,699,NA,1391,6215.4,NA,NA
1965,5,"1965 May",4282,3269,3569,2868,20444,1814,3934,16477,698,NA,1397,6237.9,NA,NA
1965,6,"1965 Jun",4295,3279,3579,2871,20522,1820,3946,16554,689,NA,1401,6257.6,NA,NA
1965,7,"1965 Jul",4315,3249,3599,2880,20611,1828,3960,16669,693,NA,1409,6277.4,NA,NA
1965,8,"1965 Aug",4329,3303,3608,2886,20726,1833,3969,16732,691,NA,1412,6290.5,NA,NA
1965,9,"1965 Sep",4347,3320,3622,2894,20808,1842,3985,16802,686,NA,1417,6315.4,NA,NA
1965,10,"1965 Oct",4362,3340,3633,2904,20895,1849,3998,16864,691,NA,1422,6337.3,NA,NA
1965,11,"1965 Nov",4377,3365,3646,2910,21021,1854,4015,16962,694,NA,1427,6362.1,NA,NA
1965,12,"1965 Dec",4397,3406,3665,2915,21151,1861,4038,17051,694,NA,1434,6405.3,NA,NA
1966,1,"1966 Jan",4414,3379,3679,2921,21214,1867,4049,17143,692,NA,1440,6416.4,NA,NA
1966,2,"1966 Feb",4433,3336,3695,2924,21315,1877,4060,17288,691,NA,1446,6425.5,NA,NA
1966,3,"1966 Mar",4452,3421,3711,2936,21515,1884,4076,17400,694,NA,1452,6454.5,NA,NA
1966,4,"1966 Apr",4471,3394,3726,2942,21568,1892,4091,17517,657,NA,1458,6470.1,NA,NA
1966,5,"1966 May",4489,3360,3742,2949,21675,1901,4110,17625,690,NA,1464,6506.6,NA,NA
1966,6,"1966 Jun",4514,3422,3763,2959,21846,1910,4129,17733,691,NA,1472,6537.7,NA,NA
1966,7,"1966 Jul",4529,3420,3781,2973,21872,1910,4143,17760,692,NA,1479,6557.7,NA,NA
1966,8,"1966 Aug",4546,3394,3797,2973,21972,1911,4156,17882,696,NA,1485,6575.1,NA,NA
1966,9,"1966 Sep",4563,3367,3809,2978,21948,1928,4163,17886,695,NA,1490,6581.1,NA,NA
1966,10,"1966 Oct",4583,3340,3828,2983,21991,1935,4173,17956,695,NA,1497,6595.8,NA,NA
1966,11,"1966 Nov",4600,3314,3845,2991,21988,1941,4181,17981,693,NA,1503,6601.2,NA,NA
1966,12,"1966 Dec",4616,3318,3863,3002,22008,1944,4195,17998,692,NA,1510,6628.7,NA,NA
1967,1,"1967 Jan",4637,3329,3883,3012,22057,1952,4201,18033,695,NA,1518,6629,NA,NA
1967,2,"1967 Feb",4647,3317,3899,3023,21987,1949,4209,17978,692,NA,1524,6626.7,NA,NA
1967,3,"1967 Mar",4663,3290,3919,3037,21919,1950,4231,17940,689,NA,1532,6666.2,NA,NA
1967,4,"1967 Apr",4675,3277,3939,3051,21842,1941,4209,17878,687,NA,1540,6614.4,NA,NA
1967,5,"1967 May",4690,3262,3957,3065,21779,1952,4245,17832,685,NA,1547,6676.2,NA,NA
1967,6,"1967 Jun",4707,3264,3975,3081,21761,1951,4259,17812,685,NA,1554,6696.4,NA,NA
1967,7,"1967 Jul",4725,3303,3997,3094,21772,1955,4274,17784,685,NA,1562,6717.3,NA,NA
1967,8,"1967 Aug",4745,3312,4015,3110,21887,1956,4283,17905,670,NA,1569,6727.3,NA,NA
1967,9,"1967 Sep",4759,3314,4036,3123,21775,1955,4306,17794,667,NA,1577,6759.6,NA,NA
1967,10,"1967 Oct",4769,3313,4046,3133,21779,1953,4310,17800,666,NA,1582,6765.1,NA,NA
1967,11,"1967 Nov",4806,3344,4074,3146,21996,1970,4339,17985,667,NA,1593,6804.3,NA,NA
1967,12,"1967 Dec",4820,3345,4090,3161,22037,1971,4361,18025,667,NA,1599,6849,NA,NA
1968,1,"1968 Jan",4826,3211,4100,3169,21917,1973,4343,18040,666,NA,1603,6808.2,NA,NA
1968,2,"1968 Feb",4847,3397,4120,3182,22117,1977,4378,18054,666,NA,1610,6856.5,NA,NA
1968,3,"1968 Mar",4853,3388,4126,3191,22119,1978,4388,18067,664,NA,1613,6874.3,NA,NA
1968,4,"1968 Apr",4868,3401,4136,3200,22207,1981,4412,18131,675,NA,1617,6919.2,NA,NA
1968,5,"1968 May",4876,3390,4154,3210,22255,1974,4424,18190,675,NA,1624,6935.1,NA,NA
1968,6,"1968 Jun",4905,3363,4179,3215,22264,1986,4439,18228,673,NA,1633,6956.2,NA,NA
1968,7,"1968 Jul",4924,3386,4196,3231,22329,1991,4457,18265,678,NA,1640,6985.3,NA,NA
1968,8,"1968 Aug",4941,3417,4216,3253,22350,1994,4482,18254,679,NA,1648,7023.8,NA,NA
1968,9,"1968 Sep",4949,3457,4221,3264,22390,2001,4497,18252,681,NA,1650,7051,NA,NA
1968,10,"1968 Oct",4981,3490,4253,3283,22419,2006,4520,18293,636,NA,1662,7082.4,NA,NA
1968,11,"1968 Nov",5014,3486,4283,3298,22512,2015,4539,18346,680,NA,1674,7103.5,NA,NA
1968,12,"1968 Dec",5033,3526,4305,3310,22617,2019,4554,18410,681,NA,1682,7131.8,NA,NA
1969,1,"1969 Jan",5053,3534,4326,3326,22644,2019,4571,18432,678,NA,1691,7152.1,NA,NA
1969,2,"1969 Feb",5073,3575,4348,3342,22755,2025,4591,18502,678,NA,1698,7173.4,NA,NA
1969,3,"1969 Mar",5098,3579,4373,3355,22813,2031,4613,18558,676,NA,1709,7200.7,NA,NA
1969,4,"1969 Apr",5119,3590,4391,3371,22815,2041,4626,18554,671,NA,1716,7222.1,NA,NA
1969,5,"1969 May",5134,3635,4408,3383,22899,2045,4652,18588,676,NA,1722,7266.1,NA,NA
1969,6,"1969 Jun",5154,3664,4422,3401,22981,2052,4671,18640,677,NA,1728,7301.5,NA,NA
1969,7,"1969 Jul",5172,3664,4441,3417,22990,2055,4685,18642,684,NA,1736,7319.7,NA,NA
1969,8,"1969 Aug",5189,3654,4458,3435,23111,2062,4701,18767,690,NA,1742,7343,NA,NA
1969,9,"1969 Sep",5190,3676,4463,3438,22988,2061,4703,18620,692,NA,1744,7348.9,NA,NA
1969,10,"1969 Oct",5221,3672,4493,3448,22976,2065,4729,18613,691,NA,1756,7386.1,NA,NA
1969,11,"1969 Nov",5227,3683,4500,3459,22840,2062,4744,18467,690,NA,1759,7406.9,NA,NA
1969,12,"1969 Dec",5237,3707,4517,3472,22884,2062,4749,18485,692,NA,1765,7424.7,NA,NA
1970,1,"1970 Jan",5251,3615,4531,3485,22726,2064,4756,18424,687,NA,1771,7425,NA,NA
1970,2,"1970 Feb",5262,3703,4552,3497,22747,2060,4773,18361,683,NA,1778,7441.8,NA,NA
1970,3,"1970 Mar",5267,3697,4556,3512,22738,2059,4791,18360,681,NA,1781,7465.1,NA,NA
1970,4,"1970 Apr",5269,3669,4567,3519,22552,2050,4780,18207,676,NA,1785,7447.2,NA,NA
1970,5,"1970 May",5268,3634,4579,3525,22336,2045,4785,18029,673,NA,1789,7453.1,NA,NA
1970,6,"1970 Jun",5266,3636,4574,3528,22241,2045,4782,17930,675,NA,1787,7453.6,NA,NA
1970,7,"1970 Jul",5264,3645,4567,3534,22195,2050,4785,17877,673,NA,1785,7462.9,NA,NA
1970,8,"1970 Aug",5249,3649,4559,3538,22105,2042,4783,17779,677,NA,1781,7460.5,NA,NA
1970,9,"1970 Sep",5273,3618,4593,3548,21988,2040,4797,17692,678,NA,1795,7478.9,NA,NA
1970,10,"1970 Oct",5273,3626,4610,3556,21477,2018,4812,17173,678,NA,1801,7495.7,NA,NA
1970,11,"1970 Nov",5275,3643,4619,3568,21345,2011,4804,17024,678,NA,1804,7466.6,NA,NA
1970,12,"1970 Dec",5281,3688,4623,3579,21673,2008,4825,17309,676,NA,1806,7514,NA,NA
1971,1,"1971 Jan",5293,3643,4632,3591,21594,2014,4849,17280,671,NA,1810,7556.4,NA,NA
1971,2,"1971 Feb",5288,3633,4632,3599,21514,2014,4850,17216,665,NA,1809,7554.9,NA,NA
1971,3,"1971 Mar",5294,3674,4642,3607,21491,2008,4866,17154,663,NA,1814,7569.4,NA,NA
1971,4,"1971 Apr",5302,3735,4647,3620,21552,2009,4881,17149,668,NA,1816,7600.5,NA,NA
1971,5,"1971 May",5314,3750,4658,3632,21645,2015,4894,17225,670,NA,1820,7623.1,NA,NA
1971,6,"1971 Jun",5325,3759,4671,3652,21568,2008,4904,17139,670,NA,1825,7639.7,NA,NA
1971,7,"1971 Jul",5330,3786,4677,3658,21564,2009,4922,17126,652,NA,1828,7669.2,NA,NA
1971,8,"1971 Aug",5320,3786,4672,3666,21570,1999,4935,17115,669,NA,1826,7696.8,NA,NA
1971,9,"1971 Sep",5346,3820,4695,3679,21650,2008,4947,17154,676,NA,1836,7720.7,NA,NA
1971,10,"1971 Oct",5355,3867,4706,3690,21604,2001,4955,17126,611,NA,1840,7728,NA,NA
1971,11,"1971 Nov",5371,3903,4722,3704,21684,2005,4966,17166,615,NA,1845,7729.3,NA,NA
1971,12,"1971 Dec",5387,3867,4736,3716,21741,2012,4992,17202,672,NA,1851,7787.1,NA,NA
1972,1,"1972 Jan",5405,3912,4749,3723,21865,2019,5017,17283,670,141.2,1856,7891.7,NA,2616.7
1972,2,"1972 Feb",5419,3888,4764,3730,21915,2025,5040,17361,666,140.9,1862,7924.4,NA,2624.8
1972,3,"1972 Mar",5440,3921,4781,3740,22036,2035,5057,17447,668,140.8,1869,7946.6,NA,2640.7
1972,4,"1972 Apr",5464,3931,4806,3753,22099,2040,5074,17508,660,140.2,1878,7972.6,NA,2634.7
1972,5,"1972 May",5490,3957,4833,3765,22222,2046,5088,17602,663,139.6,1889,7989.3,NA,2630.9
1972,6,"1972 Jun",5542,3969,4884,3791,22282,2054,5114,17641,672,139.5,1909,8019.4,NA,2649.2
1972,7,"1972 Jul",5531,3939,4879,3790,22162,2051,5123,17556,667,139,1907,8032.3,NA,2648.8
1972,8,"1972 Aug",5556,3983,4900,3801,22400,2061,5145,17741,676,138.4,1914,8066.4,NA,2647.4
1972,9,"1972 Sep",5556,4000,4894,3810,22456,2066,5144,17774,682,137.3,1914,8073.1,NA,2648.7
1972,10,"1972 Oct",5597,4038,4930,3821,22613,2078,5182,17893,682,137.5,1926,8124.5,NA,2658.5
1972,11,"1972 Nov",5621,4002,4952,3832,22688,2088,5216,18005,681,137,1934,8170.1,NA,2670.1
1972,12,"1972 Dec",5646,3937,4975,3842,22772,2096,5240,18158,677,137.7,1944,8224.1,NA,2677.6
1973,1,"1973 Jan",5675,4004,5003,3852,22955,2100,5263,18276,675,136.3,1955,8255.3,NA,2687
1973,2,"1973 Feb",5702,4071,5025,3874,23160,2111,5282,18410,679,136.3,1964,8280.8,NA,2696.7
1973,3,"1973 Mar",5722,4089,5042,3888,23262,2118,5303,18493,680,136.1,1970,8306.8,NA,2711.1
1973,4,"1973 Apr",5733,4106,5052,3897,23316,2125,5313,18530,680,135.8,1975,8323.7,NA,2717.5
1973,5,"1973 May",5743,4137,5060,3909,23382,2128,5326,18564,681,135.6,1977,8351.3,NA,2713.5
1973,6,"1973 Jun",5756,4193,5069,3918,23485,2131,5334,18606,686,135,1981,8370.6,NA,2716.3
1973,7,"1973 Jul",5746,4232,5058,3929,23522,2133,5331,18598,692,134.8,1977,8367.9,NA,2717.4
1973,8,"1973 Aug",5788,4233,5104,3939,23559,2141,5347,18629,697,133.8,1994,8381.3,NA,2725.6
1973,9,"1973 Sep",5817,4237,5139,3946,23548,2145,5363,18609,702,134.6,2010,8400.3,NA,2729.7
1973,10,"1973 Oct",5842,4232,5158,3947,23641,2155,5388,18702,707,134.3,2015,8442.5,NA,2736.4
1973,11,"1973 Nov",5869,4232,5189,3963,23719,2160,5419,18773,714,135.2,2026,8481.6,NA,2734.9
1973,12,"1973 Dec",5882,4239,5201,3972,23779,2160,5410,18820,720,135.5,2032,8473.8,NA,2726.2
1974,1,"1974 Jan",5898,4196,5217,3986,23709,2167,5410,18788,725,136.3,2038,8462.9,NA,2764.8
1974,2,"1974 Feb",5918,4259,5242,4004,23718,2167,5415,18727,732,136.6,2047,8460.4,NA,2766.8
1974,3,"1974 Mar",5930,4255,5259,4006,23687,2165,5426,18700,732,137.1,2054,8469.9,NA,2766.1
1974,4,"1974 Apr",5934,4225,5262,4012,23670,2166,5442,18702,743,137.8,2056,8497.7,NA,2761.8
1974,5,"1974 May",5967,4198,5304,4022,23635,2169,5465,18688,749,138.7,2071,8530.4,NA,2760.4
1974,6,"1974 Jun",5985,4146,5323,4030,23591,2171,5473,18690,755,138.9,2079,8539.7,NA,2760.6
1974,7,"1974 Jul",6000,4045,5349,4034,23462,2173,5492,18656,761,140.5,2088,8568.8,NA,2762.5
1974,8,"1974 Aug",6006,4059,5356,4035,23396,2167,5494,18570,767,141.8,2091,8565,NA,2755.9
1974,9,"1974 Sep",6006,4009,5365,4036,23274,2159,5506,18492,773,142.6,2095,8590.1,NA,2736.4
1974,10,"1974 Oct",6024,3972,5387,4038,23118,2155,5530,18364,782,144.1,2102,8624.3,NA,2740.3
1974,11,"1974 Nov",6013,3911,5394,4038,22773,2143,5514,18077,785,144.8,2105,8585.9,NA,2734.4
1974,12,"1974 Dec",5999,3860,5401,4036,22303,2118,5483,17693,750,145.7,2107,8524,NA,2711.7
1975,1,"1975 Jan",5984,3841,5404,4031,21974,2095,5476,17344,789,146.8,2109,8514.8,NA,2688.6
1975,2,"1975 Feb",5980,3718,5421,4026,21512,2073,5484,17004,790,146.5,2115,8525.2,NA,2654.7
1975,3,"1975 Mar",5977,3628,5430,4024,21274,2059,5488,16853,793,148.1,2118,8524,NA,2635.6
1975,4,"1975 Apr",5975,3565,5435,4027,21109,2053,5472,16759,785,149.4,2121,8488.5,NA,2621.3
1975,5,"1975 May",6000,3552,5468,4032,21097,2051,5502,16746,799,150.2,2132,8534.6,NA,2616.9
1975,6,"1975 Jun",5991,3526,5458,4031,21018,2045,5524,16690,802,150.6,2128,8579.2,NA,2600.8
1975,7,"1975 Jul",6032,3501,5515,4042,20981,2047,5552,16678,802,151.4,2150,8611.2,NA,2607.4
1975,8,"1975 Aug",6069,3547,5546,4052,21176,2054,5585,16824,805,151.8,2162,8652.9,NA,2613.3
1975,9,"1975 Sep",6066,3573,5540,4062,21284,2055,5580,16904,807,152.8,2161,8654.8,NA,2604.9
1975,10,"1975 Oct",6093,3587,5562,4072,21384,2061,5602,16984,813,153.3,2169,8684.3,NA,2604.7
1975,11,"1975 Nov",6105,3604,5578,4076,21442,2067,5614,17025,813,153.5,2175,8697.8,NA,2607.9
1975,12,"1975 Dec",6130,3641,5602,4090,21602,2065,5641,17140,821,154.2,2184,8741.1,NA,2588.6
1976,1,"1976 Jan",6169,3688,5635,4096,21799,2083,5681,17287,824,154.9,2197,8805.4,NA,2630.8
1976,2,"1976 Feb",6195,3687,5657,4105,21893,2093,5718,17384,822,155.5,2205,8867.8,NA,2643.5
1976,3,"1976 Mar",6223,3685,5687,4115,21980,2100,5736,17470,825,155.5,2217,8882.4,NA,2651.1
1976,4,"1976 Apr",6246,3684,5709,4127,22050,2106,5767,17541,825,155.4,2226,8933.2,NA,2658
1976,5,"1976 May",6262,3649,5730,4136,21988,2106,5781,17513,826,155.6,2234,8955.9,NA,2653.8
1976,6,"1976 Jun",6282,3632,5751,4146,21982,2111,5787,17521,829,156.6,2242,8952,NA,2666
1976,7,"1976 Jul",6302,3627,5780,4155,21988,2115,5804,17524,837,156.8,2253,8979,NA,2680
1976,8,"1976 Aug",6317,3632,5789,4160,22038,2118,5827,17596,810,157,2256,9012.8,NA,2678.3
1976,9,"1976 Sep",6332,3634,5801,4184,22142,2123,5839,17665,843,157,2261,9034.3,NA,2688.6
1976,10,"1976 Oct",6346,3645,5819,4199,22037,2119,5849,17548,844,157.2,2268,9045.3,NA,2671.5
1976,11,"1976 Nov",6371,3678,5843,4213,22207,2129,5860,17682,847,157.8,2278,9055.6,NA,2678.5
1976,12,"1976 Dec",6397,3688,5868,4229,22261,2136,5879,17719,854,158.8,2287,9076,NA,2701.1
1977,1,"1977 Jan",6425,3660,5892,4247,22320,2145,5911,17803,857,159,2297,9129.4,NA,2716.4
1977,2,"1977 Feb",6447,3775,5914,4260,22478,2151,5930,17843,860,159.6,2305,9159.5,NA,2724.8
1977,3,"1977 Mar",6477,3859,5941,4285,22672,2157,5969,17941,872,160.8,2316,9217.8,NA,2727.5
1977,4,"1977 Apr",6503,3904,5965,4304,22807,2166,5992,18024,879,162.1,2326,9253.9,NA,2743.3
1977,5,"1977 May",6532,3930,5992,4318,22919,2177,6020,18107,882,163.3,2336,9299.1,NA,2753.9
1977,6,"1977 Jun",6563,3962,6023,4333,23046,2185,6050,18192,892,164,2348,9343.6,NA,2762
1977,7,"1977 Jul",6596,3981,6060,4349,23106,2192,6073,18259,866,165.3,2362,9372.8,NA,2778.7
1977,8,"1977 Aug",6628,3995,6094,4368,23124,2196,6103,18276,853,166.5,2375,9412.6,NA,2780.9
1977,9,"1977 Sep",6673,4023,6139,4394,23244,2205,6136,18334,887,167.9,2392,9458.1,NA,2804.3
1977,10,"1977 Oct",6704,4034,6171,4416,23279,2208,6164,18356,889,169.2,2405,9499.4,NA,2787.1
1977,11,"1977 Nov",6737,4058,6204,4441,23371,2218,6198,18419,894,170.5,2418,9555,NA,2795.2
1977,12,"1977 Dec",6762,4087,6229,4461,23371,2227,6231,18531,753,171.3,2428,9607.8,NA,2810.8
1978,1,"1978 Jan",6771,4029,6228,4476,23374,2234,6251,18593,752,172.3,2428,9641.4,NA,2824.9
1978,2,"1978 Feb",6806,4058,6266,4506,23453,2244,6272,18639,756,173.2,2442,9670,NA,2834.6
1978,3,"1978 Mar",6848,4178,6308,4527,23649,2255,6308,18699,772,174.5,2458,9714.1,NA,2855.7
1978,4,"1978 Apr",6896,4308,6353,4547,24008,2268,6340,18772,928,175,2476,9765.6,NA,2877.3
1978,5,"1978 May",6931,4302,6387,4566,24082,2277,6376,18848,932,174.6,2489,9826.1,NA,2880.5
1978,6,"1978 Jun",6967,4379,6421,4592,24238,2291,6413,18919,940,176.8,2502,9886.3,NA,2904
1978,7,"1978 Jul",6997,4403,6455,4615,24300,2285,6438,18951,946,177.1,2516,9926.8,NA,2870.6
1978,8,"1978 Aug",7036,4420,6498,4633,24374,2296,6459,19006,948,178.2,2532,9951,NA,2884.5
1978,9,"1978 Sep",7057,4424,6514,4650,24444,2301,6477,19068,952,179.2,2538,9978.1,NA,2898.8
1978,10,"1978 Oct",7078,4447,6525,4665,24548,2316,6502,19142,959,179.9,2543,10019.9,NA,2929.3
1978,11,"1978 Nov",7120,4453,6567,4697,24678,2332,6532,19257,968,181,2559,10066.1,NA,2953
1978,12,"1978 Dec",7152,4450,6597,4717,24758,2341,6551,19334,974,181.7,2571,10091.2,NA,2968.5
1979,1,"1979 Jan",7168,4373,6603,4738,24740,2347,6571,19388,979,183.5,2574,10120.4,NA,2973.2
1979,2,"1979 Feb",7202,4389,6645,4757,24784,2355,6592,19409,986,185.4,2590,10143,NA,2984.8
1979,3,"1979 Mar",7239,4552,6683,4776,24998,2363,6620,19453,993,186.4,2604,10173.3,NA,2993.8
1979,4,"1979 Apr",7245,4516,6702,4796,24958,2344,6614,19450,992,187.9,2612,10179.3,NA,2904.1
1979,5,"1979 May",7287,4565,6738,4821,25071,2372,6621,19509,997,189,2626,10174.2,NA,2986.7
1979,6,"1979 Jun",7320,4604,6770,4840,25161,2391,6623,19553,1004,191.4,2638,10165.1,NA,3030.3
1979,7,"1979 Jul",7333,4621,6784,4856,25163,2386,6608,19531,1011,192.5,2643,10131.7,NA,3025.2
1979,8,"1979 Aug",7351,4634,6812,4885,25059,2385,6617,19406,1019,194.1,2654,10136.6,NA,3026
1979,9,"1979 Sep",7368,4625,6830,4884,25088,2386,6639,19442,1021,195.5,2661,10169.3,NA,3026.1
1979,10,"1979 Oct",7394,4620,6858,4903,25038,2389,6674,19390,1028,197.4,2672,10225.3,NA,3031.3
1979,11,"1979 Nov",7409,4617,6879,4920,24947,2391,6693,19299,1031,199.4,2680,10266.7,NA,3038.9
1979,12,"1979 Dec",7432,4630,6908,4933,24970,2392,6702,19301,1039,201.4,2690,10266.9,NA,3034
1980,1,"1980 Jan",7465,4625,6942,4956,24949,2391,6713,19282,1042,203.4,2704,10268.9,NA,3024.3
1980,2,"1980 Feb",7485,4605,6975,4969,24874,2389,6731,19219,1050,204.5,2716,10293.9,NA,3014.9
1980,3,"1980 Mar",7508,4548,7002,4987,24818,2390,6743,19217,1053,206.8,2727,10299.5,NA,3008.9
1980,4,"1980 Apr",7508,4473,7020,4993,24507,2377,6708,18973,1061,211.1,2733,10235.6,NA,2985.5
1980,5,"1980 May",7508,4434,7034,5004,24234,2365,6700,18726,1074,214.4,2739,10218.9,NA,2966.2
1980,6,"1980 Jun",7507,4395,7048,5016,23968,2351,6693,18490,1083,217.2,2744,10205,NA,2942.1
1980,7,"1980 Jul",7521,4351,7077,5027,23698,2339,6693,18276,1071,220.5,2755,10194.1,NA,2932.1
1980,8,"1980 Aug",7549,4377,7104,5039,23860,2323,6704,18414,1069,223.2,2765,10213.6,NA,2929.1
1980,9,"1980 Sep",7577,4401,7134,5051,23931,2325,6717,18445,1085,225.9,2777,10226.1,NA,2927.1
1980,10,"1980 Oct",7602,4411,7159,5071,24012,2354,6730,18506,1095,229.5,2786,10233.9,NA,2932.8
1980,11,"1980 Nov",7633,4409,7194,5085,24123,2359,6745,18601,1113,231.5,2799,10253,NA,2929.6
1980,12,"1980 Dec",7664,4415,7227,5100,24182,2364,6765,18640,1127,234.4,2812,10272,NA,2932.9
1981,1,"1981 Jan",7691,4374,7254,5116,24152,2372,6780,18639,1139,237.5,2823,10289.3,NA,2940.1
1981,2,"1981 Feb",7703,4357,7273,5128,24118,2373,6801,18613,1148,241,2830,10320.2,NA,2941.7
1981,3,"1981 Mar",7717,4396,7285,5137,24203,2377,6811,18647,1160,243.6,2834,10330.8,NA,2944
1981,4,"1981 Apr",7741,4414,7313,5151,24151,2382,6833,18711,1026,246.6,2845,10367.3,NA,2942.2
1981,5,"1981 May",7757,4343,7331,5160,24148,2385,6842,18766,1039,248.4,2852,10381.2,NA,2934.5
1981,6,"1981 Jun",7779,4311,7352,5163,24290,2389,6852,18789,1190,253.6,2860,10392.5,NA,2938.8
1981,7,"1981 Jul",7797,4299,7371,5174,24302,2392,6857,18785,1218,257.3,2867,10400.4,NA,2943.5
1981,8,"1981 Aug",7814,4278,7393,5181,24258,2392,6867,18748,1232,259.1,2875,10408.4,NA,2940.5
1981,9,"1981 Sep",7831,4254,7417,5184,24210,2390,6870,18712,1244,260.1,2885,10401.8,NA,2933.7
1981,10,"1981 Oct",7846,4238,7446,5183,24051,2385,6867,18566,1247,261.6,2895,10388.4,NA,2919.9
1981,11,"1981 Nov",7850,4209,7459,5184,23875,2379,6852,18409,1257,263.5,2900,10351.8,NA,2912.2
1981,12,"1981 Dec",7849,4177,7471,5188,23656,2367,6843,18223,1256,265.1,2904,10326.8,NA,2890.9
1982,1,"1982 Jan",7855,4069,7490,5190,23362,2360,6839,18047,1246,266,2911,10324.7,NA,2878.3
1982,2,"1982 Feb",7857,4131,7497,5192,23361,2355,6852,17981,1249,266.3,2914,10345.6,NA,2867.3
1982,3,"1982 Mar",7857,4108,7502,5199,23214,2348,6856,17857,1249,267,2916,10351.5,NA,2856
1982,4,"1982 Apr",7845,4083,7501,5198,22996,2336,6859,17683,1230,265.8,2915,10358.6,NA,2836.9
1982,5,"1982 May",7852,4092,7513,5202,22884,2334,6877,17588,1204,265.5,2920,10387.5,NA,2842.5
1982,6,"1982 Jun",7847,4030,7519,5209,22643,2324,6882,17430,1183,264.9,2922,10393.2,NA,2829.3
1982,7,"1982 Jul",7848,4001,7530,5211,22434,2314,6887,17278,1155,265,2926,10400.1,NA,2814.1
1982,8,"1982 Aug",7845,3977,7536,5211,22268,2304,6888,17160,1131,264.8,2927,10401,NA,2795.3
1982,9,"1982 Sep",7840,3962,7537,5216,22146,2295,6885,17074,1110,263.9,2928,10386.6,NA,2784.9
1982,10,"1982 Oct",7834,3940,7545,5217,21879,2285,6882,16853,1086,262.8,2931,10375.3,NA,2774.1
1982,11,"1982 Nov",7844,3947,7565,5224,21736,2279,6882,16722,1067,262,2938,10357.4,NA,2762.7
1982,12,"1982 Dec",7850,3948,7576,5229,21688,2276,6895,16690,1050,261.3,2942,10368.1,NA,2757.2
1983,1,"1983 Jan",7865,4021,7594,5242,21757,2272,6920,16705,1031,260.1,2950,10426.4,NA,2740.2
1983,2,"1983 Feb",7866,3964,7601,5256,21676,2269,6927,16706,1006,258,2952,10435,NA,2729.5
1983,3,"1983 Mar",7907,3942,7648,5267,21649,2274,6959,16711,996,256.4,2970,10473.8,NA,2737.9
1983,4,"1983 Apr",7947,3948,7689,5289,21729,2282,6986,16794,987,256.3,2986,10504.1,NA,2751.1
1983,5,"1983 May",7974,3960,7715,5302,21829,2288,7011,16885,984,255.7,2997,10536.7,NA,2761.2
1983,6,"1983 Jun",8018,4006,7766,5313,21949,2294,7048,16960,983,254.7,3015,10585.7,NA,2771.4
1983,7,"1983 Jul",8061,4055,7810,5340,22103,2303,7092,17059,989,254.9,3032,10655,NA,2793.9
1983,8,"1983 Aug",8092,4100,7847,5362,22207,1717,7126,17118,989,254.7,3045,10689.3,NA,2775.5
1983,9,"1983 Sep",8140,4138,7883,5387,22381,2323,7164,17255,988,254.7,3061,10756.1,NA,2813.3
1983,10,"1983 Oct",8163,4178,7906,5397,22546,2331,7192,17367,1001,254.4,3069,10798.3,NA,2814.9
1983,11,"1983 Nov",8192,4217,7933,5416,22698,2337,7226,17479,1002,254.5,3080,10848.1,NA,2803.3
1983,12,"1983 Dec",8231,4248,7973,5436,22803,2341,7265,17551,1004,253.7,3095,10899.2,NA,2812
1984,1,"1984 Jan",8265,4305,8001,5452,22942,2359,7309,17630,1007,252.9,3106,10976.1,NA,2863
1984,2,"1984 Feb",8309,4410,8046,5472,23146,2368,7349,17728,1008,253.5,3123,11017.8,NA,2879.4
1984,3,"1984 Mar",8344,4393,8080,5492,23209,2378,7372,17806,1010,253.3,3137,11056.6,NA,2895.2
1984,4,"1984 Apr",8382,4423,8121,5503,23305,2384,7406,17872,1010,253.5,3152,11101.2,NA,2907.6
1984,5,"1984 May",8420,4456,8162,5522,23389,2392,7428,17916,1017,253.7,3168,11123.8,NA,2922.3
1984,6,"1984 Jun",8455,4507,8200,5540,23497,2401,7465,17967,1023,253.4,3182,11181.5,NA,2944
1984,7,"1984 Jul",8479,4534,8226,5556,23571,2406,7496,18013,1024,252.1,3191,11236.7,NA,2945.2
1984,8,"1984 Aug",8504,4547,8254,5574,23608,2411,7508,18034,1027,251,3199,11267.3,NA,2957.7
1984,9,"1984 Sep",8552,4576,8303,5595,23617,2412,7559,18019,1022,250.6,3222,11319.8,NA,2963.9
1984,10,"1984 Oct",8586,4590,8343,5620,23626,2418,7606,18024,1012,250.7,3237,11387.1,NA,2974.4
1984,11,"1984 Nov",8620,4617,8380,5641,23639,2421,7674,18016,1006,249.9,3252,11498.2,NA,2973.2
1984,12,"1984 Dec",8650,4652,8413,5661,23673,2424,7682,18023,998,249,3264,11495,NA,2979.2
1985,1,"1985 Jan",8693,4668,8464,5684,23672,2429,7708,18009,995,248.5,3284,11518.2,NA,2987.6
1985,2,"1985 Feb",8722,4662,8499,5705,23621,2430,7740,17966,993,247.7,3298,11539,NA,2996.6
1985,3,"1985 Mar",8762,4730,8544,5730,23661,2423,7784,17939,992,247,3315,11628.3,NA,2985.5
1985,4,"1985 Apr",8786,4764,8574,5751,23644,2432,7812,17886,994,246.6,3327,11664.9,NA,2999.1
1985,5,"1985 May",8826,4787,8620,5775,23632,2434,7852,17855,990,245.7,3345,11721.3,NA,3007.6
1985,6,"1985 Jun",8849,4789,8652,5796,23592,2437,7874,17819,984,245.7,3355,11754.8,NA,3016.7
1985,7,"1985 Jul",8868,4799,8686,5818,23549,2438,7884,17776,974,245,3365,11765.1,NA,3021.2
1985,8,"1985 Aug",8914,4823,8748,5845,23546,2437,7889,17756,967,244.9,3386,11804.8,NA,3005.3
1985,9,"1985 Sep",8953,4852,8778,5874,23528,2440,7935,17718,958,243.7,3404,11818.4,NA,3024
1985,10,"1985 Oct",8987,4868,8819,5902,23529,2444,7954,17708,953,241.9,3420,11832.5,NA,3030.6
1985,11,"1985 Nov",9026,4879,8864,5935,23520,2448,7981,17697,944,240.3,3438,11860.8,NA,3030.1
1985,12,"1985 Dec",9054,4887,8894,5959,23518,2449,8005,17693,938,239.9,3450,11887.2,NA,3034.1
1986,1,"1986 Jan",9069,4908,8912,5977,23530,2450,8026,17686,936,236.7,3457,11895.4,NA,3042.4
1986,2,"1986 Feb",9093,4904,8936,6010,23485,2450,8048,17663,918,233.4,3467,11896.1,NA,3036.6
1986,3,"1986 Mar",9113,4914,8965,6036,23428,2449,8070,17624,890,230.8,3479,11960,NA,3032.1
1986,4,"1986 Apr",9144,4950,9002,6066,23427,2450,8093,17616,861,225.5,3493,11991,NA,3033
1986,5,"1986 May",9168,4924,9032,6091,23349,2451,8122,17593,832,219.8,3504,12035.8,NA,3041.5
1986,6,"1986 Jun",9188,4917,9061,6118,23263,2365,8138,17530,816,216.5,3514,12051.8,NA,3048.4
1986,7,"1986 Jul",9216,4930,9111,6149,23235,2453,8167,17497,808,215.4,3527,12103.2,NA,3063
1986,8,"1986 Aug",9245,4943,9160,6173,23225,2420,8143,17489,793,209.4,3540,12150.4,NA,3070.5
1986,9,"1986 Sep",9275,4939,9164,6197,23216,2458,8231,17498,779,204.2,3554,12193.7,NA,3075.7
1986,10,"1986 Oct",9306,4954,9202,6215,23208,2452,8252,17477,777,204.3,3569,12207.7,NA,3080.7
1986,11,"1986 Nov",9336,4960,9232,6236,23204,2465,8273,17472,772,203,3581,12223,NA,3088.8
1986,12,"1986 Dec",9369,4993,9268,6264,23237,2468,8295,17478,766,200.1,3595,12234.7,NA,3092.1
1987,1,"1987 Jan",9409,5007,9312,6282,23232,2472,8319,17465,760,199.3,3613,12222.7,NA,3099.2
1987,2,"1987 Feb",9443,5038,9338,6303,23296,2477,8353,17499,759,198.3,3625,12248.1,NA,3105.9
1987,3,"1987 Mar",9477,5039,9383,6327,23307,2484,8369,17507,761,197.6,3642,12304.9,NA,3111.6
1987,4,"1987 Apr",9519,5053,9431,6358,23342,2492,8399,17525,764,197.3,3660,12353.5,NA,3131.2
1987,5,"1987 May",9561,5080,9484,6376,23390,2496,8411,17542,768,197.3,3679,12372.9,NA,3135.2
1987,6,"1987 Jun",9587,5086,9520,6388,23390,2501,8426,17537,767,196.3,3689,12410.3,NA,3150.2
1987,7,"1987 Jul",9631,5092,9602,6408,23455,2508,8446,17593,770,197.2,3708,12448.7,NA,3155.8
1987,8,"1987 Aug",9669,5102,9670,6419,23506,2516,8374,17630,774,197.2,3727,12458.7,NA,3168.5
1987,9,"1987 Sep",9692,5096,9643,6427,23566,2526,8489,17691,779,198.2,3738,12489.4,NA,3189.1
1987,10,"1987 Oct",9733,5142,9686,6442,23655,2533,8547,17729,784,198.9,3754,12555.8,NA,3198.4
1987,11,"1987 Nov",9764,5152,9711,6441,23711,2538,8581,17775,784,198.7,3765,12579.6,NA,3205.7
1987,12,"1987 Dec",9806,5180,9752,6451,23772,2543,8619,17809,783,199.6,3782,12589.7,NA,3212.5
1988,1,"1988 Jan",9852,5094,9793,6466,23668,2549,8664,17790,784,196.8,3800,12578.7,NA,3237.9
1988,2,"1988 Feb",9912,5162,9838,6472,23769,2555,8734,17823,784,196.4,3822,12669.7,NA,3245
1988,3,"1988 Mar",9941,5201,9883,6483,23824,2563,8727,17844,779,196.3,3839,12703.8,NA,3254.1
1988,4,"1988 Apr",9976,5227,9938,6489,23880,2568,8735,17874,779,195.6,3857,12735.3,NA,3262.6
1988,5,"1988 May",10016,5228,9996,6490,23896,2575,8732,17892,776,195.1,3872,12776.1,NA,3271.7
1988,6,"1988 Jun",10070,5261,10095,6499,23951,2583,8728,17916,774,193.7,3898,12825.8,NA,3282.9
1988,7,"1988 Jul",10113,5270,10181,6507,23966,2585,8740,17926,770,194,3912,12864,NA,3294.8
1988,8,"1988 Aug",10146,5268,10263,6505,23926,2592,8663,17891,767,193.9,3937,12895,NA,3298.4
1988,9,"1988 Sep",10187,5270,10242,6509,23942,2601,8804,17914,758,193.2,3962,12908.8,NA,3306.5
1988,10,"1988 Oct",10226,5262,10273,6517,23987,2609,8869,17966,759,193.1,3978,12903.6,NA,3317.5
1988,11,"1988 Nov",10281,5273,10310,6526,24030,2616,8928,18003,754,193.1,3996,12910.8,NA,3333.9
1988,12,"1988 Dec",10337,5277,10359,6533,24054,2626,8998,18025,752,192.9,4014,12927.5,NA,3368.1
1989,1,"1989 Jan",10377,5289,10383,6529,24097,2620,9072,18057,751,192.5,4026,12962.7,NA,3344.2
1989,2,"1989 Feb",10436,5278,10411,6542,24080,2627,9096,18055,747,191.7,4050,13000.5,NA,3368
1989,3,"1989 Mar",10465,5260,10468,6547,24069,2629,9096,18060,749,191.6,4070,13078,NA,3350.8
1989,4,"1989 Apr",10493,5295,10536,6549,24100,2637,9076,18055,750,191.8,4088,13092.4,NA,3362.1
1989,5,"1989 May",10522,5299,10590,6554,24089,2643,9024,18040,750,191.3,4096,13128.3,NA,3364.8
1989,6,"1989 Jun",10541,5298,10706,6560,24052,2646,8955,18013,741,191.7,4112,13154.5,NA,3367.8
1989,7,"1989 Jul",10562,5317,10764,6567,24027,2639,8936,17980,730,190.9,4108,13159,NA,3379.5
1989,8,"1989 Aug",10580,5330,10834,6571,24048,2498,8853,17964,754,190.7,4135,13185.5,NA,3391.9
1989,9,"1989 Sep",10613,5323,10786,6577,24000,2610,9004,17922,755,190.2,4163,13171.9,NA,3396.4
1989,10,"1989 Oct",10627,5347,10766,6576,23997,2616,9126,17895,755,189.6,4169,13139.2,NA,3411.2
1989,11,"1989 Nov",10691,5364,10792,6584,24009,2620,9230,17886,759,189.3,4185,13139.7,NA,3427.6
1989,12,"1989 Dec",10731,5309,10814,6585,23949,2682,9273,17881,759,190.2,4191,13072,NA,3461.3
1990,1,"1990 Jan",10778,5422,10778,6586,23982,2670,9290,17797,763,191.3,4221,13254.7,1156.3,3448.4
1990,2,"1990 Feb",10849,5416,10819,6598,24071,2676,9297,17893,762,191.9,4238,13224.3,1163.1,3465.6
1990,3,"1990 Mar",10891,5392,10865,6602,24023,2681,9325,17868,763,191,4255,13226.4,1168.8,3471.6
1990,4,"1990 Apr",10885,5355,10894,6611,23966,2685,9289,17845,766,190.8,4258,13237.9,1162.4,3470.7
1990,5,"1990 May",10877,5321,10955,6615,23888,2690,9242,17797,770,190.8,4268,13211.5,1161.6,3482.8
1990,6,"1990 Jun",10894,5303,11017,6626,23849,2694,9265,17776,770,190.3,4268,13197.4,1163.5,3480.1
1990,7,"1990 Jul",10901,5274,11053,6630,23746,2697,9294,17704,768,190.8,4266,13193.3,1164.9,3475.3
1990,8,"1990 Aug",10875,5234,11098,6634,23648,2697,9292,17649,765,190.4,4268,13158.4,1158.9,3468.3
1990,9,"1990 Sep",10862,5197,11138,6628,23571,2694,9296,17609,765,190.5,4268,13146.2,1163.4,3477.8
1990,10,"1990 Oct",10816,5134,11179,6623,23473,2693,9256,17577,762,188.4,4273,13132.5,1141.3,3482.2
1990,11,"1990 Nov",10802,5095,11220,6613,23283,2689,9298,17428,760,188.1,4273,13118.8,1135.6,3482.3
1990,12,"1990 Dec",10764,5047,11271,6602,23203,2691,9302,17395,761,189,4276,13088.1,1128.6,3510.2
1991,1,"1991 Jan",10768,4972,11342,6612,23061,2697,9294,17330,759,190.6,4274,13069.8,1140.9,3487.1
1991,2,"1991 Feb",10730,4929,11375,6600,22900,2693,9264,17211,760,191,4269,12995.6,1125,3475.7
1991,3,"1991 Mar",10697,4881,11424,6602,22779,2690,9267,17140,758,190.3,4262,12964.1,1115.5,3465.9
1991,4,"1991 Apr",10681,4842,11464,6583,22687,2689,9228,17093,752,190.1,4253,12906.1,1111.8,3462
1991,5,"1991 May",10654,4800,11489,6566,22618,2685,9218,17070,748,190.7,4251,12879.8,1109.4,3459.8
1991,6,"1991 Jun",10678,4782,11539,6559,22571,2681,9252,17044,745,192,4247,12879.5,1112.9,3450.2
1991,7,"1991 Jul",10685,4752,11572,6547,22507,2677,9220,17015,740,192.2,4239,12871.9,1109.9,3464.6
1991,8,"1991 Aug",10701,4733,11615,6543,22493,2672,9223,17025,735,192.6,4242,12870.2,1120.8,3467.2
1991,9,"1991 Sep",10738,4728,11658,6534,22466,2671,9259,17010,728,191.9,4245,12855.1,1129.7,3459.1
1991,10,"1991 Oct",10745,4698,11702,6532,22418,2666,9263,16999,721,191.3,4243,12833.3,1132.8,3457
1991,11,"1991 Nov",10745,4640,11727,6532,22316,2655,9283,16961,715,190.2,4237,12817.6,1133.5,3459.4
1991,12,"1991 Dec",10757,4647,11765,6529,22274,2655,9301,16916,711,189.1,4228,12820.8,1141.7,3457.8
1992,1,"1992 Jan",10776,4667,11804,6520,22213,2639,9361,16839,707,188.3,4228,12818,1150.6,3442.8
1992,2,"1992 Feb",10797,4612,11825,6523,22142,2639,9346,16829,701,188.3,4210,12818.5,1157.3,3443.4
1992,3,"1992 Mar",10828,4621,11840,6523,22127,2642,9338,16805,701,188.4,4207,12820.6,1169.9,3449.8
1992,4,"1992 Apr",10874,4603,11869,6533,22132,2638,9362,16831,698,187.6,4220,12839.9,1183.1,3454.7
1992,5,"1992 May",10931,4605,11882,6544,22135,2638,9402,16835,695,186.9,4224,12837.9,1198.5,3453.5
1992,6,"1992 Jun",10959,4584,11931,6553,22097,2638,9408,16826,687,183.7,4223,12846.9,1207.7,3459.1
1992,7,"1992 Jul",10967,4570,11973,6550,22074,2637,9438,16819,685,182,4235,12820.7,1212.5,3454.9
1992,8,"1992 Aug",11010,4581,11996,6564,22045,2635,9461,16783,681,178.8,4243,12815.1,1222.8,3461.7
1992,9,"1992 Sep",11041,4584,12013,6580,22020,2640,9496,16761,675,173.8,4253,12818.5,1230.3,3472.9
1992,10,"1992 Oct",11087,4600,12046,6589,22029,2646,9545,16751,678,175.8,4268,12835.7,1248.9,3473.5
1992,11,"1992 Nov",11130,4606,12077,6602,22042,2650,9554,16758,678,175.8,4278,12834.7,1263.6,3478.7
1992,12,"1992 Dec",11195,4630,12111,6617,22076,2653,9555,16769,677,175.6,4289,12839.8,1285.4,3494.7
1993,1,"1993 Jan",11250,4664,12145,6634,22133,2655,9582,16791,678,175.2,4313,12886.4,1295.8,3514.8
1993,2,"1993 Feb",11299,4714,12176,6645,22188,2655,9614,16805,669,173.5,4332,12935,1304.7,3516.2
1993,3,"1993 Mar",11331,4676,12191,6655,22142,2651,9559,16795,671,172.8,4339,12924.2,1318.2,3520.4
1993,4,"1993 Apr",11383,4690,12244,6680,22131,2658,9668,16772,669,172.2,4350,12945.1,1341.7,3523.4
1993,5,"1993 May",11425,4753,12296,6702,22189,2661,9700,16766,670,171.5,4348,12965.2,1363.8,3539.2
1993,6,"1993 Jun",11459,4760,12348,6723,22165,2666,9712,16742,663,171,4361,12999.6,1378.7,3554.2
1993,7,"1993 Jul",11495,4783,12400,6749,22183,2667,9739,16739,661,169.4,4361,13025.8,1398.9,3563.3
1993,8,"1993 Aug",11537,4806,12445,6770,22203,2674,9775,16741,656,169.9,4360,13054.6,1411.6,3559
1993,9,"1993 Sep",11594,4823,12464,6796,22252,2672,9807,16769,660,169.3,4359,13080.2,1427.6,3571.8
1993,10,"1993 Oct",11669,4868,12500,6819,22306,2677,9844,16778,660,168.8,4357,13116.9,1463.2,3584.7
1993,11,"1993 Nov",11718,4887,12542,6847,22347,2683,9872,16800,660,169.2,4362,13132.8,1466.9,3599.6
1993,12,"1993 Dec",11757,4925,12583,6870,22413,2692,9925,16815,673,167,4363,13163.3,1483.2,3595.6
1994,1,"1994 Jan",11784,4940,12622,6890,22465,2699,9959,16855,670,166.3,4365,13179.4,1499.9,3618
1994,2,"1994 Feb",11844,4923,12644,6909,22451,2707,9964,16862,666,164.7,4361,13253.7,1527.8,3635.8
1994,3,"1994 Mar",11923,4990,12694,6930,22550,2714,10007,16897,663,164.2,4377,13323.8,1566.6,3660.3
1994,4,"1994 Apr",12011,5047,12744,6936,22641,2721,10052,16933,661,163,4389,13365.6,1594.1,3619.9
1994,5,"1994 May",12054,5084,12796,6928,22704,2725,10063,16962,658,162.7,4400,13400.1,1601.1,3687
1994,6,"1994 Jun",12128,5097,12850,6930,22764,2731,10083,17010,657,161.7,4416,13448.8,1628.7,3698.7
1994,7,"1994 Jul",12230,5125,12918,6925,22807,2734,10108,17026,656,161.2,4429,13515.5,1653.1,3714.4
1994,8,"1994 Aug",12274,5139,12955,6920,22876,2751,10133,17081,656,162.1,4443,13560.7,1664.5,3721.2
1994,9,"1994 Sep",12356,5175,12993,6905,22948,2750,10157,17115,658,163.7,4471,13618.8,1685.5,3739.4
1994,10,"1994 Oct",12407,5177,13034,6890,22974,2764,10160,17144,653,161.3,4486,13661.9,1696.2,3750.5
1994,11,"1994 Nov",12496,5210,13077,6879,23050,2776,10222,17186,654,159.8,4498,13744.1,1716,3767.1
1994,12,"1994 Dec",12541,5226,13127,6869,23095,2790,10268,17217,652,158.4,4508,13755,1719.6,3793.2
1995,1,"1995 Jan",12606,5234,13162,6859,23147,2784,10348,17262,651,156.3,4524,13807.7,1735.3,3803.3
1995,2,"1995 Feb",12669,5192,13213,6848,23103,2815,10375,17265,646,154.8,4535,13846.1,1743.9,3809.6
1995,3,"1995 Mar",12720,5242,13256,6853,23151,2823,10417,17263,646,153.8,4546,13819.2,1736.5,3817.5
1995,4,"1995 Apr",12734,5252,13285,6847,23174,2833,10438,17278,644,153.2,4549,13871.7,1728.3,3820.5
1995,5,"1995 May",12741,5220,13310,6844,23120,2834,10459,17259,641,152.5,4555,13869,1719.6,3819.1
1995,6,"1995 Jun",12788,5250,13343,6847,23137,2837,10507,17247,640,151.8,4566,13896.5,1716.9,3821.3
1995,7,"1995 Jul",12828,5262,13359,6855,23119,2848,10535,17218,639,150.8,4574,13908.4,1716,3815.5
1995,8,"1995 Aug",12903,5286,13400,6865,23164,2850,10564,17240,638,150.4,4591,13924.9,1739.7,3840.1
1995,9,"1995 Sep",12992,5324,13444,6877,23208,2863,10582,17247,637,150.2,4592,13938,1775.7,3845.9
1995,10,"1995 Oct",13020,5353,13478,6888,23206,2871,10579,17216,637,150,4596,13936.6,1773.1,3883.7
1995,11,"1995 Nov",13060,5358,13509,6902,23200,2879,10589,17209,633,148.9,4609,13953.8,1773.6,3903.4
1995,12,"1995 Dec",13100,5344,13547,6911,23209,2884,10600,17231,634,148.4,4626,13967.4,1778.6,3886.2
1996,1,"1996 Jan",13078,5355,13546,6922,23196,2887,10613,17208,633,147.9,4625,13967.3,1745.2,3895
1996,2,"1996 Feb",13214,5415,13601,6942,23280,2894,10645,17229,636,148.1,4644,14002,1790,3904.6
1996,3,"1996 Mar",13273,5446,13646,6952,23276,2904,10693,17193,637,147.9,4655,14030.8,1794.8,3913
1996,4,"1996 Apr",13309,5474,13678,6969,23316,2910,10720,17204,638,148.5,4665,14030.3,1811.4,3920.7
1996,5,"1996 May",13360,5498,13714,6991,23358,2921,10755,17222,638,148.8,4679,14104.1,1829.4,3933.2
1996,6,"1996 Jun",13436,5534,13752,7012,23399,2931,10787,17226,639,147.9,4689,14134.2,1849.6,3948.3
1996,7,"1996 Jul",13502,5557,13795,7033,23418,2944,10801,17223,638,147.6,4699,14164.6,1865.7,3961.3
1996,8,"1996 Aug",13569,5586,13806,7048,23479,2957,10819,17255,638,146.7,4713,14181.3,1884.3,3954.5
1996,9,"1996 Sep",13611,5610,13837,7066,23497,2972,10813,17252,635,144.9,4715,14211.5,1890.6,3953.2
1996,10,"1996 Oct",13638,5643,13888,7080,23546,2975,10858,17268,635,145.1,4727,14256.6,1878.6,3952.4
1996,11,"1996 Nov",13743,5668,13929,7096,23584,2990,10881,17277,639,145.4,4733,14283.7,1910.6,3961.2
1996,12,"1996 Dec",13796,5675,13952,7111,23598,2997,10901,17284,639,145,4743,14322.4,1927.8,3943.4
1997,1,"1997 Jan",13865,5675,13999,7125,23618,3010,10921,17297,646,145.8,4754,14292.4,1949.2,3986.4
1997,2,"1997 Feb",13980,5722,14025,7142,23686,3026,10952,17316,648,146.6,4764,14288.1,1974.2,3992.6
1997,3,"1997 Mar",14072,5751,14054,7163,23739,3044,10968,17340,648,145,4776,14325.2,2004.2,4006.1
1997,4,"1997 Apr",14180,5764,14103,7196,23765,3057,10984,17349,652,144.4,4794,14338.7,2026.3,4017
1997,5,"1997 May",14250,5793,14142,7216,23809,3071,11015,17362,654,143.9,4808,14348.4,2045.8,4026.8
1997,6,"1997 Jun",14320,5793,14168,7230,23834,3086,11029,17387,654,143.6,4812,14364.5,2057.1,4036.8
1997,7,"1997 Jul",14418,5817,14230,7267,23862,3093,11016,17389,656,144,4839,14381.8,2084.6,4036
1997,8,"1997 Aug",14423,5846,14233,7291,23952,3104,11030,17452,654,143.3,4844,14407.2,2066.4,3887.9
1997,9,"1997 Sep",14505,5874,14273,7313,23996,3112,11059,17465,657,142.9,4857,14425.5,2082.6,4072.2
1997,10,"1997 Oct",14575,5883,14304,7343,24053,3123,11062,17513,657,142.9,4871,14465,2106.6,4081.6
1997,11,"1997 Nov",14656,5899,14330,7371,24112,3133,11074,17556,657,143.3,4878,14510.1,2138.6,4088.6
1997,12,"1997 Dec",14747,5938,14366,7400,24184,3146,11087,17588,658,143.1,4898,14533.1,2165,4080.1
1998,1,"1998 Jan",14818,5983,14393,7424,24262,3155,11100,17619,660,141.8,4914,14521.4,2178,4100.2
1998,2,"1998 Feb",14875,5997,14415,7448,24283,3169,11123,17627,659,141.8,4923,14510.1,2191.2,4116.1
1998,3,"1998 Mar",14922,5969,14439,7484,24264,3178,11134,17637,658,141.8,4939,14510.7,2193.2,4125.7
1998,4,"1998 Apr",14974,6049,14467,7508,24340,3192,11156,17637,654,141.2,4949,14529,2202.8,4129.2
1998,5,"1998 May",15066,6087,14510,7534,24361,3202,11213,17624,650,140.3,4963,14577.2,2222.5,4152.8
1998,6,"1998 Jun",15134,6130,14554,7561,24387,3208,11215,17608,649,141.3,4974,14596.2,2248.4,4160.7
1998,7,"1998 Jul",15173,6172,14612,7594,24238,3226,11248,17422,644,140.7,4989,14621.3,2247.6,4166.3
1998,8,"1998 Aug",15234,6215,14593,7606,24420,3229,11273,17563,642,140.9,4995,14639.1,2266.2,4186
1998,9,"1998 Sep",15238,6225,14650,7624,24419,3244,11311,17557,637,140.5,5000,14673.5,2242.9,4205.2
1998,10,"1998 Oct",15338,6262,14695,7648,24406,3259,11298,17512,632,139.8,5013,14682.1,2280.6,4212.9
1998,11,"1998 Nov",15422,6301,14729,7665,24394,3273,11337,17465,628,139.2,5021,14716.3,2307.2,4221.8
1998,12,"1998 Dec",15512,6378,14762,7682,24454,3288,11376,17449,627,139.5,5029,14742.7,2334.8,4230.7
1999,1,"1999 Jan",15578,6357,14778,7704,24401,3303,11385,17427,617,138.2,5038,14777.8,2357.1,4232
1999,2,"1999 Feb",15652,6429,14832,7713,24434,3329,11425,17395,610,137,5051,14842.4,2387.4,4247.3
1999,3,"1999 Mar",15695,6402,14857,7722,24378,3337,11443,17368,608,136.8,5056,14859.6,2403.8,4256.5
1999,4,"1999 Apr",15779,6480,14890,7734,24425,3358,11478,17344,601,133.8,5066,14907,2422.8,4268.1
1999,5,"1999 May",15842,6516,14900,7746,24445,3389,11506,17333,596,131,5069,14939.2,2438.8,4282.1
1999,6,"1999 Jun",15918,6547,14927,7761,24434,3405,11539,17295,592,128.2,5085,14964,2450.7,4294.9
1999,7,"1999 Jul",16003,6571,14958,7777,24474,3427,11546,17308,595,129.6,5095,14995.1,2479,4298.9
1999,8,"1999 Aug",16046,6586,14960,7776,24467,3449,11567,17287,594,129.7,5098,15017.7,2481.3,4305.3
1999,9,"1999 Sep",16080,6613,14988,7770,24485,3475,11597,17281,591,128.4,5103,15033.7,2474.3,4328.8
1999,10,"1999 Oct",16221,6640,15028,7771,24505,3497,11648,17272,593,128.2,5116,15076.9,2550.2,4341.8
1999,11,"1999 Nov",16283,6687,15059,7774,24561,3515,11682,17282,592,127.5,5126,15088,2573,4355.4
1999,12,"1999 Dec",16361,6709,15079,7775,24582,3532,11706,17280,593,126.4,5138,15149.7,2605.4,4362.2
2000,1,"2000 Jan",16418,6752,15100,7770,24628,3550,11713,17284,592,126.1,5145,15181.4,2618.9,4373.6
2000,2,"2000 Feb",16469,6730,15111,7771,24609,3569,11719,17285,594,126.8,5154,15196.8,2623.1,4381.3
2000,3,"2000 Mar",16538,6811,15141,7767,24705,3591,11788,17302,592,125.4,5160,15220.3,2643.6,4390.7
2000,4,"2000 Apr",16622,6794,15161,7764,24688,3608,11834,17298,596,125.6,5159,15298.4,2675.9,4397.2
2000,5,"2000 May",16590,6770,15189,7762,24647,3614,11827,17279,598,125.7,5154,15253,2649.2,4392
2000,6,"2000 Jun",16659,6778,15212,7767,24672,3642,11869,17296,598,125.6,5161,15258.6,2647.7,4403.1
2000,7,"2000 Jul",16706,6794,15242,7765,24717,3658,11900,17322,601,124.5,5162,15287,2654.2,4413.5
2000,8,"2000 Aug",16735,6796,15283,7776,24683,3583,11927,17287,600,123.8,5169,15298.2,2639.7,4425.6
2000,9,"2000 Sep",16810,6807,15355,7797,24642,3674,11940,17230,605,124.3,5182,15317.3,2645.4,4416.1
2000,10,"2000 Oct",16808,6814,15362,7810,24638,3676,11876,17217,607,124.6,5187,15324.3,2629.6,4429.3
2000,11,"2000 Nov",16867,6817,15409,7823,24623,3684,11946,17202,604,123.6,5191,15338.5,2637.7,4445.1
2000,12,"2000 Dec",16837,6792,15465,7838,24575,3705,11976,17181,602,122.9,5196,15376,2587.8,4473.9
2001,1,"2001 Jan",16828,6824,15515,7846,24533,3709,11977,17104,605,123.5,5204,15359.6,2564,4438.8
2001,2,"2001 Feb",16793,6841,15572,7866,24474,3716,11997,17028,605,122.9,5198,15378,2527.4,4436.1
2001,3,"2001 Mar",16756,6862,15629,7885,24409,3717,12000,16938,609,123.4,5201,15348,2482.4,4441.1
2001,4,"2001 Apr",16638,6844,15671,7889,24254,3686,12040,16802,608,123.5,5219,15256.7,2397.6,4421.4
2001,5,"2001 May",16596,6849,15749,7900,24119,3662,12068,16661,609,123.8,5238,15262.6,2379.9,4420.1
2001,6,"2001 Jun",16525,6840,15778,7902,23965,3642,12076,16515,610,123.4,5250,15257,2337,4399.3
2001,7,"2001 Jul",16473,6845,15840,7891,23837,3619,12110,16382,610,124.3,5268,15207.3,2323.7,4399.2
2001,8,"2001 Aug",16406,6827,15901,7917,23667,3599,12093,16232,608,124.2,5279,15206.3,2296.8,4394.1
2001,9,"2001 Sep",16327,6813,15957,7919,23537,3584,12061,16117,607,124.7,5293,15195,2252.1,4334.9
2001,10,"2001 Oct",16225,6804,16000,7925,23378,3556,12015,15972,602,123,5298,15169.7,2214.9,4300.4
2001,11,"2001 Nov",16114,6784,16042,7940,23209,3535,11985,15825,600,123.9,5314,15146.5,2157.9,4253.7
2001,12,"2001 Dec",16079,6785,16098,7934,23094,3521,11967,15711,598,124.7,5333,15090.7,2144.9,4239.9
2002,1,"2002 Jan",16021,6775,16148,7940,22961,3495,12006,15587,599,124.6,5343,15073,2148.4,4216.5
2002,2,"2002 Feb",15981,6766,16199,7931,22876,3472,11962,15515,595,125.5,5354,15074.2,2161,4223.5
2002,3,"2002 Mar",16003,6755,16241,7929,22786,3454,11965,15443,588,123.5,5362,15069.2,2188.7,4213
2002,4,"2002 Apr",16020,6710,16281,7936,22689,3435,11928,15392,587,121.9,5366,15072,2212.7,4212
2002,5,"2002 May",16012,6684,16325,7932,22604,3417,11936,15337,583,121.9,5369,15050.7,2218.1,4216.8
2002,6,"2002 Jun",16007,6701,16423,7937,22578,3401,11905,15298,579,121.7,5365,15042.2,2220.9,4221.9
2002,7,"2002 Jul",15942,6688,16464,7941,22521,3380,11912,15256,577,120.9,5360,15045.4,2202.2,4238.9
2002,8,"2002 Aug",15962,6701,16487,7950,22449,3370,11936,15171,577,121.1,5369,14990.2,2232.2,4245
2002,9,"2002 Sep",15953,6702,16507,7968,22397,3345,11991,15119,576,120.1,5384,14974.8,2200.3,4217.3
2002,10,"2002 Oct",15973,6689,16544,7990,22325,3348,12070,15060,576,120.6,5391,14985.7,2196.4,4226
2002,11,"2002 Nov",15948,6713,16586,8003,22282,3326,12109,14992,577,121,5405,14970.4,2183.3,4225.9
2002,12,"2002 Dec",15877,6700,16606,8017,22189,3288,12112,14912,577,120.7,5399,14979.8,2173.9,4225.7
2003,1,"2003 Jan",15924,6704,16657,8024,22146,3264,12173,14866,576,120.9,5399,14956.4,2191.9,4209
2003,2,"2003 Feb",15943,6667,16696,8038,22023,3236,12130,14781,575,120.5,5405,14924.9,2177.5,4212.6
2003,3,"2003 Mar",15880,6654,16719,8051,21945,3221,12109,14721,570,120.9,5398,14895.8,2168.2,4199.3
2003,4,"2003 Apr",15879,6689,16784,8077,21864,3207,12085,14609,566,121.1,5397,14919,2140,4183.2
2003,5,"2003 May",15920,6706,16823,8092,21832,3193,12092,14557,569,121.1,5401,14896.8,2182,4175.9
2003,6,"2003 Jun",15939,6723,16835,8089,21788,3182,12121,14493,572,121.2,5397,14889.8,2211.5,4168
2003,7,"2003 Jul",15999,6735,16842,8100,21708,3176,12143,14402,571,120.4,5400,14884.4,2262.6,4163.4
2003,8,"2003 Aug",15984,6760,16850,8103,21706,3165,12177,14376,570,119.6,5398,14904.7,2248.5,4168.1
2003,9,"2003 Sep",16040,6783,16882,8104,21700,3164,12208,14347,570,119.4,5403,14936.3,2256.3,4177.3
2003,10,"2003 Oct",16079,6784,16936,8089,21691,3158,12259,14334,573,119.2,5403,14954,2266.1,4186.4
2003,11,"2003 Nov",16096,6796,16978,8083,21688,3150,12284,14316,576,118.6,5405,14923.9,2276.5,4188.5
2003,12,"2003 Dec",16137,6827,17015,8077,21703,3150,12320,14300,576,118.4,5402,14921,2299.6,4174.3
2004,1,"2004 Jan",16146,6848,17049,8078,21715,3144,12346,14290,577,119.8,5405,14963.6,2290.5,4205
2004,2,"2004 Feb",16151,6838,17066,8080,21693,3143,12372,14279,576,121.2,5406,14968.9,2302.6,4206.7
2004,3,"2004 Mar",16195,6887,17115,8084,21758,3134,12425,14287,584,121.4,5418,15016.6,2314,4224.8
2004,4,"2004 Apr",16292,6901,17150,8096,21802,3131,12435,14315,586,122.9,5419,15034,2346.2,4217.5
2004,5,"2004 May",16379,6948,17185,8114,21881,3134,12481,14342,591,124.2,5418,15056.1,2378.5,4233.9
2004,6,"2004 Jun",16393,6962,17200,8115,21885,3135,12495,14332,591,123.6,5420,15078.3,2376.7,4244.8
2004,7,"2004 Jul",16427,6977,17233,8100,21900,3122,12495,14330,593,123.5,5413,15061.5,2394.7,4251.9
2004,8,"2004 Aug",16444,7003,17270,8106,21944,3105,12485,14345,596,124.3,5412,15066.1,2408.8,4266.1
2004,9,"2004 Sep",16475,7029,17263,8119,21957,3093,12550,14331,597,125,5407,15100.4,2418.1,4277.8
2004,10,"2004 Oct",16587,7077,17366,8114,22004,3098,12582,14332,595,124.3,5398,15124.1,2473.5,4287.3
2004,11,"2004 Nov",16573,7091,17391,8119,21997,3088,12606,14307,599,124.7,5400,15130.3,2456,4283.6
2004,12,"2004 Dec",16594,7117,17437,8137,22005,3079,12630,14287,601,124.7,5396,15123.9,2445.1,4301.5
2005,1,"2005 Jan",16638,7095,17469,8144,21958,3069,12665,14257,606,124.1,5398,15151.5,2458.6,4309.1
2005,2,"2005 Feb",16706,7153,17479,8147,22036,3058,12690,14273,610,123.1,5393,15187.1,2479.5,4321.9
2005,3,"2005 Mar",16748,7181,17505,8138,22066,3062,12718,14269,616,124.6,5386,15190.3,2492,4332.8
2005,4,"2005 Apr",16804,7266,17546,8150,22136,3068,12802,14250,620,124.6,5392,15240.8,2506.9,4347.9
2005,5,"2005 May",16828,7294,17604,8153,22172,3062,12797,14256,622,125.2,5383,15262.7,2505.3,4360.1
2005,6,"2005 Jun",16914,7333,17662,8170,22185,3057,12837,14227,625,125,5398,15296.4,2530.6,4359.4
2005,7,"2005 Jul",16995,7353,17718,8190,22205,3061,12867,14226,626,125.7,5404,15335.9,2550.4,4373.8
2005,8,"2005 Aug",17048,7394,17751,8214,22228,3062,12891,14203,631,126,5400,15353.7,2567.3,4378.9
2005,9,"2005 Sep",17126,7415,17790,8222,22226,3069,12862,14175,636,126.8,5399,15334.4,2604,4381.3
2005,10,"2005 Oct",17143,7460,17814,8259,22292,3055,12840,14192,640,127.3,5386,15325.7,2612.2,4386.8
2005,11,"2005 Nov",17216,7524,17862,8283,22357,3056,12884,14187,646,128.4,5393,15344.5,2636.6,4400.1
2005,12,"2005 Dec",17256,7533,17894,8289,22376,3054,12905,14193,650,128.1,5405,15344.4,2634,4404.3
2006,1,"2006 Jan",17297,7601,17946,8307,22467,3053,12945,14210,656,128.8,5425,15354.5,2621.4,4420
2006,2,"2006 Feb",17368,7664,17999,8332,22535,3052,12980,14209,662,130,5426,15363.8,2631,4429.4
2006,3,"2006 Mar",17440,7689,18044,8348,22572,3055,13034,14214,669,131.2,5425,15377.1,2632.9,4429.7
2006,4,"2006 Apr",17465,7726,18069,8369,22631,3045,13074,14226,679,132.8,5426,15353.2,2634.2,4445.4
2006,5,"2006 May",17512,7713,18099,8376,22597,3039,13052,14203,681,133.1,5433,15316.4,2649.6,4459.4
2006,6,"2006 Jun",17581,7699,18103,8362,22598,3037,13061,14213,686,134.7,5432,15325,2648.7,4465.1
2006,7,"2006 Jul",17631,7712,18130,8366,22590,3032,13130,14188,690,135.1,5429,15324.6,2647.9,4479.3
2006,8,"2006 Aug",17683,7720,18183,8374,22572,3035,13152,14159,693,136.8,5432,15337.5,2657.4,4479.5
2006,9,"2006 Sep",17681,7718,18253,8390,22537,3028,13150,14125,694,136.7,5448,15351.4,2648.2,4486.6
2006,10,"2006 Oct",17685,7682,18289,8385,22456,3024,13187,14075,699,138.3,5454,15370.2,2638.8,4496.1
2006,11,"2006 Nov",17747,7666,18336,8394,22408,3024,13251,14041,701,138.3,5455,15397.3,2636.5,4509.3
2006,12,"2006 Dec",17771,7685,18378,8394,22405,3032,13292,14015,705,139.4,5466,15397.3,2643.1,4529.2
2007,1,"2007 Jan",17834,7725,18415,8389,22439,3030,13338,14008,706,140.7,5467,15450.6,2647.2,4530.2
2007,2,"2007 Feb",17877,7626,18452,8390,22334,3033,13361,13997,711,141.7,5474,15478.5,2641.9,4530.1
2007,3,"2007 Mar",17886,7706,18507,8379,22391,3030,13363,13970,715,142.8,5484,15524.4,2636.4,4535.3
2007,4,"2007 Apr",17910,7686,18562,8360,22350,3034,13375,13945,719,143.8,5491,15514.7,2627.7,4537.6
2007,5,"2007 May",17938,7673,18608,8371,22323,3040,13404,13929,721,144,5496,15528.5,2608.8,4541.1
2007,6,"2007 Jun",17947,7687,18662,8369,22323,3038,13413,13911,725,145.3,5499,15509.7,2605.4,4538.3
2007,7,"2007 Jul",17956,7660,18694,8370,22277,3037,13417,13889,728,146.5,5500,15506.4,2596.1,4539.1
2007,8,"2007 Aug",17970,7610,18753,8341,22165,3030,13419,13828,727,147,5496,15506.9,2586,4534.7
2007,9,"2007 Sep",17974,7577,18811,8319,22093,3030,13461,13790,726,147.2,5492,15512.9,2566.6,4559.9
2007,10,"2007 Oct",18009,7565,18849,8306,22056,3028,13499,13764,727,149.3,5494,15516.2,2573.1,4555.1
2007,11,"2007 Nov",18012,7523,18874,8292,22015,3024,13535,13757,735,151.9,5505,15576.3,2566.9,4551.1
2007,12,"2007 Dec",18051,7490,18924,8282,21976,3024,13550,13746,740,153.5,5516,15570.8,2552.5,4548
2008,1,"2008 Jan",18037,7476,18979,8277,21947,3026,13542,13725,746,154.8,5522,15570.3,2542.9,4551.4
2008,2,"2008 Feb",17989,7453,19018,8268,21897,3018,13543,13696,748,155,5533,15527.9,2505.3,4552.3
2008,3,"2008 Mar",17947,7406,19068,8266,21820,3021,13531,13659,755,156.2,5539,15506.2,2479.9,4554.8
2008,4,"2008 Apr",17942,7327,19125,8258,21681,3012,13511,13599,755,154,5540,15428.9,2466,4560.6
2008,5,"2008 May",17877,7274,19167,8246,21599,3007,13498,13564,761,158.8,5536,15379.3,2434.1,4543.8
2008,6,"2008 Jun",17847,7213,19222,8236,21483,3001,13482,13504,766,159.9,5525,15334.5,2402.5,4536.6
2008,7,"2008 Jul",17772,7160,19277,8219,21360,2987,13463,13430,770,161.6,5521,15298.8,2372,4527.3
2008,8,"2008 Aug",17715,7114,19338,8204,21250,2974,13431,13358,778,163.3,5513,15245,2338,4511.2
2008,9,"2008 Sep",17654,7044,19344,8170,21101,2961,13379,13275,782,164.4,5512,15172,2312.7,4477.6
2008,10,"2008 Oct",17540,6967,19365,8138,20895,2949,13352,13147,781,164.3,5516,15102.9,2239.1,4463.4
2008,11,"2008 Nov",17346,6813,19400,8101,20623,2931,13300,13034,776,165.3,5476,14980.7,2119.5,4420.9
2008,12,"2008 Dec",17220,6701,19440,8070,20322,2909,13256,12850,771,167.1,5446,14869.9,2045.5,4395.2
2009,1,"2009 Jan",17065,6567,19481,8018,19889,2891,13222,12561,761,165.1,5428,14783,1961,4371.1
2009,2,"2009 Feb",16898,6446,19506,7970,19575,2878,13193,12380,749,164.4,5411,14714.5,1913.8,4346.8
2009,3,"2009 Mar",16758,6291,19513,7927,19227,2864,13127,12208,728,162.6,5383,14617.7,1855.5,4314.3
2009,4,"2009 Apr",16610,6154,19522,7870,18894,2833,13056,12030,710,160.8,5372,14549,1795.8,4268.7
2009,5,"2009 May",16543,6100,19582,7844,18655,2808,13106,11862,693,160.5,5369,14553.9,1773.4,4249.2
2009,6,"2009 Jun",16436,6010,19613,7821,18422,2796,13076,11726,686,160.6,5372,14536.8,1751.7,4233.8
2009,7,"2009 Jul",16413,5932,19629,7807,18278,2780,13078,11668,678,159.6,5368,14495.2,1749.2,4210
2009,8,"2009 Aug",16386,5855,19680,7782,18151,2767,13046,11626,670,158,5359,14479.1,1747.4,4198.9
2009,9,"2009 Sep",16411,5787,19693,7769,18043,2769,13054,11591,665,157.7,5353,14447.2,1768.7,4192
2009,10,"2009 Oct",16417,5716,19741,7754,17915,2762,12995,11538,661,157.4,5333,14386.7,1791.5,4173.9
2009,11,"2009 Nov",16476,5696,19769,7756,17869,2752,12986,11509,664,156.9,5324,14372.7,1849.8,4168.7
2009,12,"2009 Dec",16475,5654,19801,7743,17792,2744,12944,11475,663,155.3,5320,14324.5,1894.2,4117.2
2010,1,"2010 Jan",16520,5580,19820,7733,17707,2738,12932,11460,667,156.5,5323,14388.2,1952.4,4138.7
2010,2,"2010 Feb",16548,5500,19840,7724,17627,2738,12927,11453,674,156.4,5316,14399,1974.9,4140
2010,3,"2010 Mar",16539,5537,19895,7708,17672,2719,12943,11453,682,156.7,5329,14422.1,2002.6,4152.1
2010,4,"2010 Apr",16618,5553,19902,7713,17729,2715,12979,11489,687,157.6,5335,14422.8,2031.9,4158.9
2010,5,"2010 May",16642,5520,19934,7699,17742,2709,13012,11525,697,158.7,5330,14435.4,2064.3,4169.1
2010,6,"2010 Jun",16705,5516,19956,7689,17763,2703,13034,11545,702,158.1,5315,14438.5,2092.5,4190
2010,7,"2010 Jul",16719,5508,19979,7676,17777,2704,13048,11561,708,158.4,5326,14456.4,2079.1,4206.7
2010,8,"2010 Aug",16763,5524,20016,7676,17793,2702,13081,11553,716,159.7,5323,14452.1,2117.6,4200
2010,9,"2010 Sep",16790,5501,20001,7683,17787,2697,13137,11563,723,160.2,5332,14474.4,2138.7,4219.3
2010,10,"2010 Oct",16854,5508,20071,7682,17801,2695,13127,11562,731,161.5,5357,14500.5,2175.5,4229.3
2010,11,"2010 Nov",16952,5506,20117,7679,17827,2688,13126,11585,736,161.4,5346,14475.3,2201.4,4234.1
2010,12,"2010 Dec",17020,5467,20135,7683,17796,2681,13157,11595,734,161,5337,14473.7,2247.2,4261.5
2011,1,"2011 Jan",17056,5427,20153,7680,17784,2676,13149,11621,736,162.7,5327,14535.7,2239.8,4230.5
2011,2,"2011 Feb",17100,5451,20164,7676,17844,2673,13188,11654,739,164.2,5337,14561.9,2260.2,4263.6
2011,3,"2011 Mar",17184,5477,20177,7681,17906,2672,13247,11675,754,166.7,5333,14565.5,2293.6,4272.5
2011,4,"2011 Apr",17244,5485,20238,7685,17957,2675,13298,11704,768,169.6,5342,14645.6,2299.2,4291
2011,5,"2011 May",17283,5516,20251,7701,18007,2679,13293,11713,778,170.4,5346,14640.9,2292.5,4299.3
2011,6,"2011 Jun",17294,5528,20292,7691,18045,2684,13343,11727,790,171.2,5352,14676.1,2285.4,4314.2
2011,7,"2011 Jul",17320,5547,20331,7694,18094,2676,13370,11746,801,172.7,5359,14714,2278.6,4314.8
2011,8,"2011 Aug",17380,5552,20366,7698,18120,2633,13395,11764,804,173.9,5376,14714.3,2316.2,4320
2011,9,"2011 Sep",17450,5584,20415,7693,18167,2677,13426,11769,814,176.5,5381,14739.2,2343.6,4329
2011,10,"2011 Oct",17500,5588,20452,7706,18188,2677,13464,11780,820,178,5382,14741.7,2365.6,4336.3
2011,11,"2011 Nov",17541,5593,20493,7719,18187,2675,13511,11770,824,178.7,5390,14752.3,2378.5,4339.4
2011,12,"2011 Dec",17596,5611,20528,7727,18244,2677,13538,11802,831,180.3,5403,14758,2390.9,4344.3
2012,1,"2012 Jan",17694,5626,20571,7735,18301,2663,13598,11836,839,181.3,5415,14816.1,2426.5,4352.8
2012,2,"2012 Feb",17754,5626,20652,7743,18331,2677,13641,11859,846,182.6,5415,14799.8,2466.4,4385.2
2012,3,"2012 Mar",17786,5629,20691,7768,18377,2678,13702,11899,849,185,5422,14807.1,2458.4,4393
2012,4,"2012 Apr",17832,5626,20708,7770,18391,2680,13700,11915,850,185.7,5416,14828.4,2466.6,4377
2012,5,"2012 May",17859,5606,20745,7781,18390,2685,13704,11929,855,186.5,5416,14826.6,2483.1,4414.8
2012,6,"2012 Jun",17909,5622,20745,7782,18418,2675,13711,11942,854,187.9,5423,14810.6,2509.4,4410.8
2012,7,"2012 Jul",17965,5633,20772,7780,18451,2680,13743,11967,851,188.6,5433,14800.2,2521,4420
2012,8,"2012 Aug",18005,5647,20795,7788,18459,2676,13809,11961,851,189.1,5431,14811.1,2527.8,4430.1
2012,9,"2012 Sep",18025,5656,20852,7801,18454,2670,13873,11952,846,189.1,5442,14838,2506.5,4437
2012,10,"2012 Oct",18085,5673,20872,7807,18470,2668,13885,11959,838,189.1,5445,14860.8,2524.3,4450.1
2012,11,"2012 Nov",18121,5682,20878,7815,18475,2676,13912,11948,845,189.9,5450,14936.3,2533.9,4445.1
2012,12,"2012 Dec",18166,5728,20936,7827,18537,2673,13981,11960,849,191.6,5453,14899.5,2537.3,4466.6
2013,1,"2013 Jan",18212,5741,20943,7837,18573,2661,14032,11980,852,193.1,5459,14941.2,2546.8,4470.5
2013,2,"2013 Feb",18296,5793,20965,7851,18652,2697,14081,12001,858,194.9,5459,14952,2563,4475
2013,3,"2013 Mar",18359,5814,21004,7857,18677,2699,14111,12003,860,194.5,5450,14946.8,2580.1,4471.4
2013,4,"2013 Apr",18422,5811,21053,7870,18672,2697,14150,12004,857,194.4,5455,14967.2,2594.3,4481.3
2013,5,"2013 May",18485,5831,21069,7883,18693,2711,14198,12002,860,193.4,5469,15000.3,2609.9,4478.5
2013,6,"2013 Jun",18521,5854,21063,7889,18719,2706,14255,12002,863,192.7,5479,15039.9,2621.9,4484
2013,7,"2013 Jul",18573,5857,21074,7905,18702,2722,14296,11983,862,192.8,5483,15084.8,2631.3,4470.3
2013,8,"2013 Aug",18610,5874,21141,7902,18754,2693,14334,12014,866,193.1,5494,15129.3,2642.7,4485.5
2013,9,"2013 Sep",18640,5900,21143,7904,18797,2709,14340,12029,868,192.9,5503,15156.5,2657.8,4518
2013,10,"2013 Oct",18676,5923,21156,7909,18843,2720,14392,12050,870,192.7,5510,15187.8,2652.5,4526.1
2013,11,"2013 Nov",18727,5954,21199,7911,18900,2729,14443,12076,870,193.3,5513,15218.9,2659.8,4543.1
2013,12,"2013 Dec",18721,5939,21197,7914,18892,2724,14460,12086,867,193.4,5527,15267.3,2680,4552.2
2014,1,"2014 Jan",18770,5999,21220,7915,18966,2721,14494,12094,873,194,5534,15258.6,2681.2,4559
2014,2,"2014 Feb",18831,6020,21248,7931,19010,2716,14512,12115,875,195.5,5535,15240.9,2697.8,4568.4
2014,3,"2014 Mar",18878,6062,21290,7933,19066,2724,14561,12125,879,194.4,5552,15261.7,2712.6,4579.9
2014,4,"2014 Apr",18942,6103,21312,7942,19127,2723,14605,12139,885,195.4,5564,15301,2722.1,4598.9
2014,5,"2014 May",18981,6115,21367,7951,19146,2717,14662,12146,885,196.7,5566,15310.1,2733.2,4626.9
2014,6,"2014 Jun",19047,6128,21408,7967,19189,2723,14693,12171,890,197.8,5562,15346.5,2748.4,4647
2014,7,"2014 Jul",19093,6169,21449,7981,19254,2728,14714,12189,896,198,5565,15369.2,2765.6,4667.2
2014,8,"2014 Aug",19148,6194,21501,7994,19297,2737,14735,12205,898,197.7,5579,15376.9,2787.9,4680.9
2014,9,"2014 Sep",19199,6219,21551,8008,19340,2735,14771,12217,904,198.4,5574,15406.4,2806.1,4700.8
2014,10,"2014 Oct",19227,6233,21578,8014,19378,2729,14818,12243,902,200.9,5579,15419.8,2814.3,4727
2014,11,"2014 Nov",19292,6256,21628,8033,19428,2732,14856,12272,900,200.8,5592,15478.3,2828.6,4748.4
2014,12,"2014 Dec",19360,6301,21677,8041,19492,2733,14901,12294,897,200.6,5595,15476.8,2848.4,4779.3
2015,1,"2015 Jan",19370,6351,21731,8061,19552,2734,14924,12311,890,198.7,5599,15510,2837,4780.6
2015,2,"2015 Feb",19409,6378,21790,8070,19568,2738,14989,12315,875,197.2,5607,15539.2,2826.6,4796
2015,3,"2015 Mar",19436,6371,21828,8082,19548,2735,14989,12318,859,197.9,5605,15564.4,2836.9,4806.1
2015,4,"2015 Apr",19505,6409,21905,8089,19569,2745,15010,12316,844,193.9,5614,15577.8,2851.5,4819.9
2015,5,"2015 May",19585,6426,21962,8098,19574,2747,15059,12324,824,193.2,5622,15604.7,2863.2,4831.1
2015,6,"2015 Jun",19661,6426,22017,8117,19571,2751,15089,12325,820,192.2,5619,15639.6,2884.8,4841.7
2015,7,"2015 Jul",19707,6437,22075,8137,19585,2756,15125,12336,812,192.5,5631,15670.7,2875.5,4857
2015,8,"2015 Aug",19742,6441,22137,8150,19562,2753,15158,12318,803,190.9,5622,15674.6,2883.2,4862.7
2015,9,"2015 Sep",19782,6451,22192,8153,19550,2766,15208,12309,790,189.2,5626,15681,2890.7,4867.1
2015,10,"2015 Oct",19873,6484,22270,8164,19581,2771,15261,12311,786,186.7,5637,15702.4,2918.5,4860.5
2015,11,"2015 Nov",19921,6549,22315,8182,19634,2753,15307,12314,771,185,5648,15754.2,2919.2,4872.3
2015,12,"2015 Dec",19981,6597,22378,8190,19678,2763,15342,12320,761,182.9,5660,15760.8,2944.1,4888.8
2016,1,"2016 Jan",19996,6612,22402,8206,19707,2767,15387,12343,752,181.6,5656,15822.9,2922.4,4869.3
2016,2,"2016 Feb",20019,6631,22488,8212,19692,2779,15435,12327,734,179.8,5673,15877.8,2912.6,4864
